Проект;Номер дома;Номер квартиры;Тип планировки;Тип планировки 2;Общая площадь, кв,м,;Ссылка на планировку;Комнатность;Тип;Паркинг;Вид из окна;Этаж;Секция;Линия;Студия;Количество сан узлов;Размер сан узла №1;Размер сан узла №2;Размер сан узла №3;Размер сан узла №4;Размер коридора;Гардеробная;Кухня;Количество балконов;Размер балкона №1;Размер балкона №2;Размер балкона №3;Размер балкона №4;Размер балкона №5;Терраса №1;Терраса №2;Терраса №3;Терраса №4;Терраса №5;Жилая площадь за кв,м,;Размер второй комнаты;Размер третьей комнаты;Размер четвертой комнаты;Размер 5 комнаты;Размер 6 комнаты;Размер 7 комнаты;Размер 8 комнаты;Размер 9 комнаты;Ценазакв,м,;Ценазапомещение,тг.;Статус;Дополнительный статус;Дата старта продаж;Дата продажи;ProfitbaseId;ProfitbaseHomeId;ComplexId;Площадь гардеробных
Этто;1;5;1К;;41,5;https://drive.google.com/open?id=1ZWH7AA9WXL9ScFkpCdsvDV-8G2xCGy3j;1;;;;2;1;;нет;1;3,7;;;;3,7;1;10,8;1;3;;;;;;;;;;17,8;;;;;;;;;65000;2697500;Бронь;;;;;;;4
Этто;1;6;1К;;41,8;https://drive.google.com/uc?id=1ckSJtD4nogOvuSMDpH-aYqnA8kuqk8J0;1;;;;2;1;;нет;1;3,7;;;;4,4;;10,8;1;3;;;;;;;;;;21,4;14,7;6,7;;;;;;;65500;2737900;Свободно;;;;;;;
Этто;1;7;2К;;50,5;https://drive.google.com/uc?id=1bYPyLB75h4x3ZY_bsqbPLlJWzvJ1K4dC;2;;;;2;1;;нет;1;3,8;;;;6,9;1;11,4;1;3;;;;;;;;;;25,5;10,6;14,9;;;;;;;67500;3408750;Свободно;;;;;;;1,4
Этто;1;8;3Е;;82;https://drive.google.com/uc?id=1eU5BCKdQ_Epx_mQavBjWWYEIUgMibJwz;3;;;;2;1;;нет;2;4,9;1,9;;;9,8;1;6,5;1;8,6;;;;;;;;;;52,2;13,8;14;24,4;;;;;;61500;5043000;Свободно;;;;;;;2,4
Этто;1;9;1C;;33;https://drive.google.com/uc?id=1tTMIo8WYpgCj_N0r2l8Lz9PiGG1TX311;1;;;;2;1;;да;1;3,7;;;;3,8;;4,1;1;3,8;;;;;;;;;;19,5;;;;;;;;;69000;2277000;Свободно;;;;;;;
Этто;1;10;2Е;;49,1;https://drive.google.com/uc?id=1ZLvGvsPnLM5_ixN3K6qVxFVj1eLIi18S;2;;;;3;1;;нет;1;3,7;;;;4,5;;7,4;1;3;;;;;;;;;;32;18,3;13,7;;;;;;;59400;2916540;Продано;;;11.10.19;;;;
Этто;1;11;2К;;53,1;https://drive.google.com/uc?id=1lcBryL4hLzm241THcp4HMgmhX2lCrJBb;2;;;;3;1;;нет;1;4,6;;;;4,8;;8,8;1;3;;;;;;;;;;33,4;20;13,4;;;;;;;68000;3685140;Бронь;;;;;;;
Этто;1;12;2К;;48;https://drive.google.com/uc?id=1VF96mZ6AqaR00pNC3XpOtANI49jqmGa8;2;;;;3;1;;нет;1;3,7;;;;4,4;;10,8;1;3;;;;;;;;;;27,7;11,7;16;;;;;;;66138;3174600;Продано;;;27.09.19;;;;
Этто;1;13;1К;;41,5;https://drive.google.com/uc?id=1ZWH7AA9WXL9ScFkpCdsvDV-8G2xCGy3j;1;;;;3;1;;нет;1;3,7;;;;3,7;1;10,8;1;3;;;;;;;;;;17,8;;;;;;;;;58000;2407000;Продано;;;15.07.19;;;;4
Этто;1;14;1К;;41,5;https://drive.google.com/uc?id=1ZWH7AA9WXL9ScFkpCdsvDV-8G2xCGy3j;1;;;;3;1;;нет;1;3,7;;;;3,7;1;10,8;1;3;;;;;;;;;;17,8;;;;;;;;;58000;2407000;Продано;;;25.07.19;;;;4
Этто;1;15;1К;;41,8;https://drive.google.com/uc?id=1ckSJtD4nogOvuSMDpH-aYqnA8kuqk8J0;1;;;;3;1;;нет;1;3,7;;;;4,4;;10,8;1;3;;;;;;;;;;21,4;14,7;6,7;;;;;;;57420;2400156;Продано;;;31.08.19;;;;
Этто;1;16;2К;;50,5;https://drive.google.com/uc?id=1bYPyLB75h4x3ZY_bsqbPLlJWzvJ1K4dC;2;;;;3;1;;нет;1;3,8;;;;6,9;1;11,4;1;3;;;;;;;;;;25,5;14,9;10,6;;;;;;;64000;3232000;Бронь;;;;;;;1,4
Этто;1;17;3Е;;82;https://drive.google.com/uc?id=1eU5BCKdQ_Epx_mQavBjWWYEIUgMibJwz;3;;;;3;1;;нет;2;4,9;1,9;;;9,8;1;6,5;1;8,6;;;;;;;;;;52,2;13,8;14;24,4;;;;;;54000;4428000;Свободно;;;;;;;2,4
Этто;1;18;1C;;33;https://drive.google.com/uc?id=1tTMIo8WYpgCj_N0r2l8Lz9PiGG1TX311;1;;;;3;1;;да;1;3,7;;;;3,8;;4,1;1;3,8;;;;;;;;;;19,5;;;;;;;;;62500;2062500;Продано;;;05.08.19;;;;
Этто;1;19;2Е;;49,1;https://drive.google.com/uc?id=1ZLvGvsPnLM5_ixN3K6qVxFVj1eLIi18S;2;;;;4;1;;нет;1;3,7;;;;4,5;;7,4;1;3;;;;;;;;;;32;18,3;13,7;;;;;;;60250;3035608;Бронь;;;;;;;
Этто;1;20;2К;;53,1;https://drive.google.com/uc?id=1lcBryL4hLzm241THcp4HMgmhX2lCrJBb;2;;;;4;1;;нет;1;4,6;;;;4,8;;8,8;1;3;;;;;;;;;;33,4;20;13,4;;;;;;;55500;2947050;Продано;;;24.04.19;;;;
Этто;1;21;2К;;48;https://drive.google.com/uc?id=1VF96mZ6AqaR00pNC3XpOtANI49jqmGa8;2;;;;4;1;;нет;1;3,7;;;;4,4;;10,8;1;3;;;;;;;;;;27,7;11,7;16;;;;;;;66388;3186625;Продано;;;23.09.19;;;;
Этто;1;22;1К;;41,5;https://drive.google.com/uc?id=1ZWH7AA9WXL9ScFkpCdsvDV-8G2xCGy3j;1;;;;4;1;;нет;1;3,7;;;;3,7;1;10,8;1;3;;;;;;;;;;17,8;;;;;;;;;58250;2417375;Продано;;;29.06.19;;;;4
Этто;1;23;1К;;41,5;https://drive.google.com/uc?id=1ZWH7AA9WXL9ScFkpCdsvDV-8G2xCGy3j;1;;;;4;1;;нет;1;3,7;;;;3,7;1;10,8;1;3;;;;;;;;;;17,8;;;;;;;;;58250;2417375;Продано;;;17.08.19;;;;4
Этто;1;24;1К;;41,8;https://drive.google.com/uc?id=1ckSJtD4nogOvuSMDpH-aYqnA8kuqk8J0;1;;;;4;1;;нет;1;3,7;;;;4,4;;10,8;1;3;;;;;;;;;;21,4;14,7;6,7;;;;;;;58250;2434850;Продано;;;26.08.19;;;;
Этто;1;25;2К;;50,5;https://drive.google.com/uc?id=1bYPyLB75h4x3ZY_bsqbPLlJWzvJ1K4dC;2;;;;4;1;;нет;1;3,8;;;;6,9;1;11,4;1;3;;;;;;;;;;25,5;10,6;14,9;;;;;;;64250;3244625;Продано;;;31.07.19;;;;1,4
Этто;1;26;3Е;;82;https://drive.google.com/uc?id=1rreoV8SvI94wHWXvlLEADm3tOXAY2Vuc;3;;;;4;1;;нет;2;4,9;1,9;;;9,8;1;6,5;1;8,6;;;;;;;;;;52,2;13,8;14;24,4;;;;;;52500;4305000;Продано;;;20.08.19;;;;2,4
Этто;1;27;1C;;33;https://drive.google.com/uc?id=1tTMIo8WYpgCj_N0r2l8Lz9PiGG1TX311;1;;;;4;1;;да;1;3,7;;;;3,8;;4,1;1;3,8;;;;;;;;;;19,5;;;;;;;;;62800;2072400;Продано;;;09.08.19;;;;
Этто;1;28;2Е;;49,1;https://drive.google.com/uc?id=1ZLvGvsPnLM5_ixN3K6qVxFVj1eLIi18S;2;;;;5;1;;нет;1;3,7;;;;4,5;;7,4;1;3;;;;;;;;;;32;18,3;13,7;;;;;;;58500;2872350;Продано;;;31.05.19;;;;
Этто;1;29;2К;;53,1;https://drive.google.com/uc?id=1lcBryL4hLzm241THcp4HMgmhX2lCrJBb;2;;;;5;1;;нет;1;4,6;;;;4,8;;8,8;1;3;;;;;;;;;;33,4;20;13,4;;;;;;;56000;2973600;Продано;;;25.04.19;;;;
Этто;1;30;2К;;48;https://drive.google.com/uc?id=1VF96mZ6AqaR00pNC3XpOtANI49jqmGa8;2;;;;5;1;;нет;1;3,7;;;;4,4;;10,8;1;3;;;;;;;;;;27,7;11,7;16;;;;;;;64634;3102450;Продано;;;18.09.19;;;;
Этто;1;31;1К;;41,5;https://drive.google.com/uc?id=1ZWH7AA9WXL9ScFkpCdsvDV-8G2xCGy3j;1;;;;5;1;;нет;1;3,7;;;;3,7;1;10,8;1;3;;;;;;;;;;17,8;;;;;;;;;56000;2324000;Продано;;;23.04.19;;;;4
Этто;1;32;1К;;41,5;https://drive.google.com/uc?id=1BbIlRwGrYa2nCSn4xzC68IawpeJkHrjg;1;;;;5;1;;нет;1;3,7;;;;3,7;1;10,8;1;3;;;;;;;;;;17,8;;;;;;;;;61500;2552250;Продано;;;08.05.19;;;;4
Этто;1;33;1К;;41,8;https://drive.google.com/uc?id=1ckSJtD4nogOvuSMDpH-aYqnA8kuqk8J0;1;;;;5;1;;нет;1;3,7;;;;4,4;;10,8;1;3;;;;;;;;;;21,4;14,7;6,7;;;;;;;62000;2643850;Свободно;;;;;;;
Этто;1;34;2К;;50,5;https://drive.google.com/uc?id=1bYPyLB75h4x3ZY_bsqbPLlJWzvJ1K4dC;2;;;;5;1;;нет;1;3,8;;;;6,9;1;11,4;1;3;;;;;;;;;;25,5;10,6;14,9;;;;;;;64500;3257250;Бронь;;;;;;;1,4
Этто;1;35;3Е;;82;https://drive.google.com/uc?id=1eU5BCKdQ_Epx_mQavBjWWYEIUgMibJwz;3;;;;5;1;;нет;2;4,9;1,9;;;9,8;1;6,5;1;8,6;;;;;;;;;;52,2;13,8;14;24,4;;;;;;55000;4510000;Бронь;;;;;;;2,4
Этто;1;36;1C;;33;https://drive.google.com/uc?id=1tXioj1adPThZ3BNUiSz8tmp6VcAwd4YJ;1;;;;5;1;;да;1;3,7;;;;3,8;;4,1;1;3,8;;;;;;;;;;19,5;;;;;;;;;62818;2072994;Продано;;;20.08.19;;;;
Этто;1;37;2Е;;49,1;https://drive.google.com/uc?id=1ZLvGvsPnLM5_ixN3K6qVxFVj1eLIi18S;2;;;;6;1;;нет;1;3,7;;;;4,5;;7,4;1;3;;;;;;;;;;32;18,3;13,7;;;;;;;58750;2884625;Продано;;;10.06.19;;;;
Этто;1;38;2К;;53,1;https://drive.google.com/uc?id=1lcBryL4hLzm241THcp4HMgmhX2lCrJBb;2;;;;6;1;;нет;1;4,6;;;;4,8;;8,8;1;3;;;;;;;;;;33,4;20;13,4;;;;;;;66082;3508980;Продано;;;12.08.19;;;;
Этто;1;39;2К;;48,1;https://drive.google.com/uc?id=1XqB5lGfSlR5MdlEHl5Mov89yD5lt9Cm8;2;;;;6;1;;нет;1;3,7;;;;4,4;;10,8;1;3;;;;;;;;;;27,7;16;11,7;;;;;;;64102;3083330;Продано;;;12.08.19;;;;
Этто;1;40;1К;;41,5;https://drive.google.com/uc?id=1ZWH7AA9WXL9ScFkpCdsvDV-8G2xCGy3j;1;;;;6;1;;нет;1;3,7;;;;3,7;1;10,8;1;3;;;;;;;;;;17,8;;;;;;;;;58750;2438125;Продано;;;30.05.19;;;;4
Этто;1;41;1К;;41,5;https://drive.google.com/uc?id=1ZWH7AA9WXL9ScFkpCdsvDV-8G2xCGy3j;1;;;;6;1;;нет;1;3,7;;;;3,7;1;10,8;1;3;;;;;;;;;;17,8;;;;;;;;;58750;2438125;Продано;;;29.07.19;;;;4
Этто;1;42;1К;;41,8;https://drive.google.com/uc?id=1ckSJtD4nogOvuSMDpH-aYqnA8kuqk8J0;1;;;;6;1;;нет;1;3,7;;;;4,4;;10,8;1;3;;;;;;;;;;21,4;14,7;6,7;;;;;;;58750;2455750;Продано;;;17.05.19;;;;
Этто;1;43;2К;;50,5;https://drive.google.com/uc?id=1bYPyLB75h4x3ZY_bsqbPLlJWzvJ1K4dC;2;;;;6;1;;нет;1;3,8;;;;6,9;1;11,4;1;3;;;;;;;;;;25,5;10,6;14,9;;;;;;;64750;3269875;Бронь;;;;;;;1,4
Этто;1;44;3Е;;82;https://drive.google.com/uc?id=1rreoV8SvI94wHWXvlLEADm3tOXAY2Vuc;3;;;;6;1;;нет;2;4,9;1,9;;;9,8;1;6,5;1;8,6;;;;;;;;;;52,2;13,8;14;24,4;;;;;;53500;4387000;Продано;;;13.09.19;;;;2,4
Этто;1;45;1C;;33;https://drive.google.com/uc?id=1tTMIo8WYpgCj_N0r2l8Lz9PiGG1TX311;1;;;;6;1;;да;1;3,7;;;;3,8;;4,1;1;3,8;;;;;;;;;;19,5;;;;;;;;;65400;2158200;Бронь;;;;;;;
Этто;1;46;2Е;;49,1;https://drive.google.com/uc?id=1ZLvGvsPnLM5_ixN3K6qVxFVj1eLIi18S;2;;;;7;1;;нет;1;3,7;;;;4,5;;7,4;1;3;;;;;;;;;;32;18,3;13,7;;;;;;;59000;2896900;Продано;;;14.06.19;;;;
Этто;1;47;2К;;53,1;https://drive.google.com/uc?id=1lcBryL4hLzm241THcp4HMgmhX2lCrJBb;2;;;;7;1;;нет;1;4,6;;;;4,8;;8,8;1;3;;;;;;;;;;33,4;20;13,4;;;;;;;60000;3186000;Продано;;;27.05.19;;;;
Этто;1;48;2К;;48,1;https://drive.google.com/uc?id=1XqB5lGfSlR5MdlEHl5Mov89yD5lt9Cm8;2;;;;7;1;;нет;1;3,7;;;;4,4;;10,8;1;3;;;;;;;;;;27,7;16;11,7;;;;;;;65000;3126500;Продано;;;26.07.19;;;;
Этто;1;49;1К;;41,5;https://drive.google.com/uc?id=1ZWH7AA9WXL9ScFkpCdsvDV-8G2xCGy3j;1;;;;7;1;;нет;1;3,7;;;;3,7;1;10,8;1;3;;;;;;;;;;17,8;;;;;;;;;59000;2448500;Продано;;;17.06.19;;;;4
Этто;1;50;1К;;41,5;https://drive.google.com/uc?id=1ZWH7AA9WXL9ScFkpCdsvDV-8G2xCGy3j;1;;;;7;1;;нет;1;3,7;;;;3,7;1;10,8;1;3;;;;;;;;;;17,8;;;;;;;;;58410;2424015;Продано;;;29.06.19;;;;4
Этто;1;51;1К;;41,8;https://drive.google.com/uc?id=1ckSJtD4nogOvuSMDpH-aYqnA8kuqk8J0;1;;;;7;1;;нет;1;3,7;;;;4,4;;10,8;1;3;;;;;;;;;;21,4;14,7;6,7;;;;;;;58410;2441538;Продано;;;29.06.19;;;;
Этто;1;52;2К;;50,5;https://drive.google.com/uc?id=1bYPyLB75h4x3ZY_bsqbPLlJWzvJ1K4dC;2;;;;7;1;;нет;1;3,8;;;;6,9;1;11,4;1;3;;;;;;;;;;25,5;10,6;14,9;;;;;;;65000;3282500;Бронь;;;;;;;1,4
Этто;1;53;3Е;;82;https://drive.google.com/uc?id=1rreoV8SvI94wHWXvlLEADm3tOXAY2Vuc;3;;;;7;1;;нет;2;4,9;1,9;;;9,8;1;6,5;1;8,6;;;;;;;;;;52,2;13,8;14;24,4;;;;;;54000;4428000;Продано;;;16.09.19;;;;2,4
Этто;1;54;1C;;33;https://drive.google.com/uc?id=1tTMIo8WYpgCj_N0r2l8Lz9PiGG1TX311;1;;;;7;1;;да;1;3,7;;;;3,8;;4,1;1;3,8;;;;;;;;;;19,5;;;;;;;;;63700;2102100;Продано;;;31.08.19;;;;
Этто;1;55;2Е;;49,1;https://drive.google.com/uc?id=1ZLvGvsPnLM5_ixN3K6qVxFVj1eLIi18S;2;;;;8;1;;нет;1;3,7;;;;4,5;;7,4;1;3;;;;;;;;;;32;18,3;13,7;;;;;;;61250;3007375;Продано;;;04.10.19;;;;
Этто;1;56;2К;;53,1;https://drive.google.com/uc?id=1lcBryL4hLzm241THcp4HMgmhX2lCrJBb;2;;;;8;1;;нет;1;4,6;;;;4,8;;8,8;1;3;;;;;;;;;;33,4;20;13,4;;;;;;;57500;3053250;Продано;;;18.04.19;;;;
Этто;1;57;2К;;48,1;https://drive.google.com/uc?id=1XqB5lGfSlR5MdlEHl5Mov89yD5lt9Cm8;2;;;;8;1;;нет;1;3,7;;;;4,4;;10,8;1;3;;;;;;;;;;27,7;16;11,7;;;;;;;65250;3138525;Продано;;;18.07.19;;;;
Этто;1;58;1К;;41,5;https://drive.google.com/uc?id=1ZWH7AA9WXL9ScFkpCdsvDV-8G2xCGy3j;1;;;;8;1;;нет;1;3,7;;;;3,7;1;10,8;1;3;;;;;;;;;;17,8;;;;;;;;;59250;2458875;Продано;;;15.07.19;;;;4
Этто;1;59;1К;;41,5;https://drive.google.com/uc?id=1ZWH7AA9WXL9ScFkpCdsvDV-8G2xCGy3j;1;;;;8;1;;нет;1;3,7;;;;3,7;1;10,8;1;3;;;;;;;;;;17,8;;;;;;;;;62250;2583375;Свободно;;;;;;;4
Этто;1;60;1К;;41,8;https://drive.google.com/uc?id=1ckSJtD4nogOvuSMDpH-aYqnA8kuqk8J0;1;;;;8;1;;нет;1;3,7;;;;4,4;;10,8;1;3;;;;;;;;;;21,4;14,7;6,7;;;;;;;58657;2451883;Продано;;;05.08.19;;;;
Этто;1;61;2К;;50,5;https://drive.google.com/uc?id=1bYPyLB75h4x3ZY_bsqbPLlJWzvJ1K4dC;2;;;;8;1;;нет;1;3,8;;;;6,9;1;11,4;1;3;;;;;;;;;;25,5;10,6;14,9;;;;;;;65250;3295125;Свободно;;;;;;;1,4
Этто;1;62;3Е;;82;https://drive.google.com/uc?id=1eU5BCKdQ_Epx_mQavBjWWYEIUgMibJwz;3;;;;8;1;;нет;2;4,9;1,9;;;9,8;1;6,5;1;8,6;;;;;;;;;;52,2;13,8;14;24,4;;;;;;56500;4633000;Бронь;;;;;;;2,4
Этто;1;63;1C;;33;https://drive.google.com/uc?id=1tTMIo8WYpgCj_N0r2l8Lz9PiGG1TX311;1;;;;8;1;;да;1;3,7;;;;3,8;;4,1;1;3,8;;;;;;;;;;19,5;;;;;;;;;57500;1897500;Продано;;;23.04.19;;;;
Этто;1;64;2Е;;49,1;https://drive.google.com/uc?id=1ZLvGvsPnLM5_ixN3K6qVxFVj1eLIi18S;2;;;;9;1;;нет;1;3,7;;;;4,5;;7,4;1;3;;;;;;;;;;32;18,3;13,7;;;;;;;61500;3019650;Свободно;;;;;;;
Этто;1;65;2К;;53,1;https://drive.google.com/uc?id=1lcBryL4hLzm241THcp4HMgmhX2lCrJBb;2;;;;9;1;;нет;1;4,6;;;;4,8;;8,8;1;3;;;;;;;;;;33,4;20;13,4;;;;;;;69500;3714345;Бронь;;;;;;;
Этто;1;66;2К;;48,1;https://drive.google.com/uc?id=1XqB5lGfSlR5MdlEHl5Mov89yD5lt9Cm8;2;;;;9;1;;нет;1;3,7;;;;4,4;;10,8;1;3;;;;;;;;;;27,7;16;11,7;;;;;;;59000;2837900;Продано;;;29.04.19;;;;
Этто;1;67;1К;;41,5;https://drive.google.com/uc?id=1ZWH7AA9WXL9ScFkpCdsvDV-8G2xCGy3j;1;;;;9;1;;нет;1;3,7;;;;3,7;1;10,8;1;3;;;;;;;;;;17,8;;;;;;;;;59633;2474750;Продано;;;26.06.19;;;;4
Этто;1;68;1К;;41,5;https://drive.google.com/uc?id=1ZWH7AA9WXL9ScFkpCdsvDV-8G2xCGy3j;1;;;;9;1;;нет;1;3,7;;;;3,7;1;10,8;1;3;;;;;;;;;;17,8;;;;;;;;;62500;2593750;Бронь;;;;;;;4
Этто;1;69;1К;;41,8;https://drive.google.com/uc?id=1ckSJtD4nogOvuSMDpH-aYqnA8kuqk8J0;1;;;;9;1;;нет;1;3,7;;;;4,4;;10,8;1;3;;;;;;;;;;21,4;14,7;6,7;;;;;;;59500;2487100;Продано;;;31.07.19;;;;
Этто;1;70;2К;;50,5;https://drive.google.com/uc?id=1bYPyLB75h4x3ZY_bsqbPLlJWzvJ1K4dC;2;;;;9;1;;нет;1;3,8;;;;6,9;1;11,4;1;3;;;;;;;;;;25,5;10,6;14,9;;;;;;;65500;3307750;Свободно;;;;;;;1,4
Этто;1;71;3Е;;82;https://drive.google.com/uc?id=1eU5BCKdQ_Epx_mQavBjWWYEIUgMibJwz;3;;;;9;1;;нет;2;4,9;1,9;;;9,8;1;6,5;1;8,6;;;;;;;;;;52,2;13,8;14;24,4;;;;;;57000;4747800;Бронь;;;;;;;2,4
Этто;1;72;1C;;33;https://drive.google.com/uc?id=1tTMIo8WYpgCj_N0r2l8Lz9PiGG1TX311;1;;;;9;1;;да;1;3,7;;;;3,8;;4,1;1;3,8;;;;;;;;;;19,5;;;;;;;;;58000;1914000;Продано;;;25.04.19;;;;
Этто;1;73;2Е;;49,1;https://drive.google.com/uc?id=1ZLvGvsPnLM5_ixN3K6qVxFVj1eLIi18S;2;;;;10;1;;нет;1;3,7;;;;4,5;;7,4;1;3;;;;;;;;;;32;18,3;13,7;;;;;;;61750;3082154;Свободно;;;;;;;
Этто;1;74;2К;;53,1;https://drive.google.com/uc?id=1lcBryL4hLzm241THcp4HMgmhX2lCrJBb;2;;;;10;1;;нет;1;4,6;;;;4,8;;8,8;1;3;;;;;;;;;;33,4;20;13,4;;;;;;;58500;3106350;Продано;;;24.04.19;;;;
Этто;1;75;2К;;48,1;https://drive.google.com/uc?id=1XqB5lGfSlR5MdlEHl5Mov89yD5lt9Cm8;2;;;;10;1;;нет;1;3,7;;;;4,4;;10,8;1;3;;;;;;;;;;27,7;16;11,7;;;;;;;65750;3162575;Продано;;;25.06.19;;;;
Этто;1;76;1К;;41,5;https://drive.google.com/uc?id=1ZWH7AA9WXL9ScFkpCdsvDV-8G2xCGy3j;1;;;;10;1;;нет;1;3,7;;;;3,7;1;10,8;1;3;;;;;;;;;;17,8;;;;;;;;;62750;2604125;Свободно;;;;;;;4
Этто;1;77;1К;;41,5;https://drive.google.com/uc?id=1ZWH7AA9WXL9ScFkpCdsvDV-8G2xCGy3j;1;;;;10;1;;нет;1;3,7;;;;3,7;1;10,8;1;3;;;;;;;;;;17,8;;;;;;;;;58500;2427750;Продано;;;19.04.19;;;;4
Этто;1;78;1К;;41,8;https://drive.google.com/uc?id=1ckSJtD4nogOvuSMDpH-aYqnA8kuqk8J0;1;;;;10;1;;нет;1;3,7;;;;4,4;;10,8;1;3;;;;;;;;;;21,4;14,7;6,7;;;;;;;59152;2472574;Продано;;;05.08.19;;;;
Этто;1;79;2К;;50,5;https://drive.google.com/uc?id=1bYPyLB75h4x3ZY_bsqbPLlJWzvJ1K4dC;2;;;;10;1;;нет;1;3,8;;;;6,9;1;11,4;1;3;;;;;;;;;;25,5;10,6;14,9;;;;;;;65750;3320375;Бронь;;;;;;;1,4
Этто;1;80;3Е;;82;https://drive.google.com/uc?id=1eU5BCKdQ_Epx_mQavBjWWYEIUgMibJwz;3;;;;10;1;;нет;2;4,9;1,9;;;9,8;1;6,5;1;8,6;;;;;;;;;;52,2;13,8;14;24,4;;;;;;55500;4551000;Бронь;;;;;;;2,4
Этто;1;81;1C;;33;https://drive.google.com/uc?id=1tTMIo8WYpgCj_N0r2l8Lz9PiGG1TX311;1;;;;10;1;;да;1;3,7;;;;3,8;;4,1;1;3,8;;;;;;;;;;19,5;;;;;;;;;65600;2164800;Бронь;;;;;;;
Этто;1;82;2Е;;49,1;https://drive.google.com/uc?id=1ZLvGvsPnLM5_ixN3K6qVxFVj1eLIi18S;2;;;;11;1;;нет;1;3,7;;;;4,5;;7,4;1;3;;;;;;;;;;32;18,3;13,7;;;;;;;62000;3084217;Свободно;;;;;;;
Этто;1;83;2К;;53,1;https://drive.google.com/uc?id=1lcBryL4hLzm241THcp4HMgmhX2lCrJBb;2;;;;11;1;;нет;1;4,6;;;;4,8;;8,8;1;3;;;;;;;;;;33,4;20;13,4;;;;;;;70000;3735585;Свободно;;;;;;;
Этто;1;84;2К;;48,1;https://drive.google.com/uc?id=1XqB5lGfSlR5MdlEHl5Mov89yD5lt9Cm8;2;;;;11;1;;нет;1;3,7;;;;4,4;;10,8;1;3;;;;;;;;;;27,7;16;11,7;;;;;;;66000;3174600;Продано;;;30.07.19;;;;
Этто;1;85;1К;;41,5;https://drive.google.com/uc?id=1ZWH7AA9WXL9ScFkpCdsvDV-8G2xCGy3j;1;;;;11;1;;нет;1;3,7;;;;3,7;1;10,8;1;3;;;;;;;;;;17,8;;;;;;;;;60000;2490000;Продано;;;29.07.19;;;;4
Этто;1;86;1К;;41,5;https://drive.google.com/uc?id=1ZWH7AA9WXL9ScFkpCdsvDV-8G2xCGy3j;1;;;;11;1;;нет;1;3,7;;;;3,7;1;10,8;1;3;;;;;;;;;;17,8;;;;;;;;;63000;2614500;Свободно;;;;;;;4
Этто;1;87;1К;;41,8;https://drive.google.com/uc?id=1ckSJtD4nogOvuSMDpH-aYqnA8kuqk8J0;1;;;;11;1;;нет;1;3,7;;;;4,4;;10,8;1;3;;;;;;;;;;21,4;14,7;6,7;;;;;;;63500;2680300;Свободно;;;;;;;
Этто;1;88;2К;;50,5;https://drive.google.com/uc?id=1bYPyLB75h4x3ZY_bsqbPLlJWzvJ1K4dC;2;;;;11;1;;нет;1;3,8;;;;6,9;1;11,4;1;3;;;;;;;;;;25,5;10,6;14,9;;;;;;;66000;3333000;Свободно;;;;;;;1,4
Этто;1;89;3Е;;82;https://drive.google.com/uc?id=1eU5BCKdQ_Epx_mQavBjWWYEIUgMibJwz;3;;;;11;1;;нет;2;4,9;1,9;;;9,8;1;6,5;1;8,6;;;;;;;;;;52,2;13,8;14;24,4;;;;;;58000;4756000;Бронь;;;;;;;2,4
Этто;1;90;1C;;33;https://drive.google.com/uc?id=1tXioj1adPThZ3BNUiSz8tmp6VcAwd4YJ;1;;;;11;1;;да;1;3,7;;;;3,8;;4,1;1;3,8;;;;;;;;;;19,5;;;;;;;;;65900;2174700;Продано;;;25.09.19;;;;
Этто;1;91;2Е;;49,1;https://drive.google.com/uc?id=1ZLvGvsPnLM5_ixN3K6qVxFVj1eLIi18S;2;;;;12;1;;нет;1;3,7;;;;4,5;;7,4;1;3;;;;;;;;;;32;18,3;13,7;;;;;;;60250;2958275;Продано;;;18.06.19;;;;
Этто;1;92;2К;;53,1;https://drive.google.com/uc?id=1lcBryL4hLzm241THcp4HMgmhX2lCrJBb;2;;;;12;1;;нет;1;4,6;;;;4,8;;8,8;1;3;;;;;;;;;;33,4;20;13,4;;;;;;;70250;3746205;Свободно;;;;;;;
Этто;1;93;2К;;48,1;https://drive.google.com/uc?id=1XqB5lGfSlR5MdlEHl5Mov89yD5lt9Cm8;2;;;;12;1;;нет;1;3,7;;;;4,4;;10,8;1;3;;;;;;;;;;27,7;16;11,7;;;;;;;68250;3282825;Продано;;;04.10.19;;;;
Этто;1;94;1К;;41,5;https://drive.google.com/uc?id=1ZWH7AA9WXL9ScFkpCdsvDV-8G2xCGy3j;1;;;;12;1;;нет;1;3,7;;;;3,7;1;10,8;1;3;;;;;;;;;;17,8;;;;;;;;;63250;2624875;Свободно;;;;;;;4
Этто;1;95;1К;;41,5;https://drive.google.com/uc?id=1ZWH7AA9WXL9ScFkpCdsvDV-8G2xCGy3j;1;;;;12;1;;нет;1;3,7;;;;3,7;1;10,8;1;3;;;;;;;;;;17,8;;;;;;;;;63250;2624875;Свободно;;;;;;;4
Этто;1;96;1К;;41,8;https://drive.google.com/uc?id=1ckSJtD4nogOvuSMDpH-aYqnA8kuqk8J0;1;;;;12;1;;нет;1;3,7;;;;4,4;;10,8;1;3;;;;;;;;;;21,4;14,7;6,7;;;;;;;60250;2518450;Продано;;;31.08.19;;;;
Этто;1;97;2К;;50,5;https://drive.google.com/uc?id=1bYPyLB75h4x3ZY_bsqbPLlJWzvJ1K4dC;2;;;;12;1;;нет;1;3,8;;;;6,9;1;11,4;1;3;;;;;;;;;;25,5;10,6;14,9;;;;;;;66250;3345625;Свободно;;;;;;;1,4
Этто;1;98;3Е;;82;https://drive.google.com/uc?id=1rreoV8SvI94wHWXvlLEADm3tOXAY2Vuc;3;;;;12;1;;нет;2;4,9;1,9;;;9,8;1;6,5;1;8,6;;;;;;;;;;52,2;13,8;14;24,4;;;;;;56500;4633000;Продано;;;27.09.19;;;;2,4
Этто;1;99;1C;;33;https://drive.google.com/uc?id=1tTMIo8WYpgCj_N0r2l8Lz9PiGG1TX311;1;;;;12;1;;да;1;3,7;;;;3,8;;4,1;1;3,8;;;;;;;;;;19,5;;;;;;;;;67200;2240832;Бронь;;;;;;;
Этто;1;100;2Е;;49,1;https://drive.google.com/uc?id=1ZLvGvsPnLM5_ixN3K6qVxFVj1eLIi18S;2;;;;13;1;;нет;1;3,7;;;;4,5;;7,4;1;3;;;;;;;;;;32;18,3;13,7;;;;;;;62500;3081025;Бронь;;;;;;;
Этто;1;101;2К;;53,1;https://drive.google.com/uc?id=1lcBryL4hLzm241THcp4HMgmhX2lCrJBb;2;;;;13;1;;нет;1;4,6;;;;4,8;;8,8;1;3;;;;;;;;;;33,4;20;13,4;;;;;;;70500;3743550;Свободно;;;;;;;
Этто;1;102;2К;;48,1;https://drive.google.com/uc?id=1XqB5lGfSlR5MdlEHl5Mov89yD5lt9Cm8;2;;;;13;1;;нет;1;3,7;;;;4,4;;10,8;1;3;;;;;;;;;;27,7;16;11,7;;;;;;;66500;3198650;Продано;;;21.08.19;;;;
Этто;1;103;1К;;42;https://drive.google.com/uc?id=1IEHm3JuW5bXgXmOozXZDOoqgsF743DTY;1;;;;13;1;;нет;1;3,7;;;;4,4;;10,8;1;3;;;;;;;;;;21,4;;;;;;;;;61738;2593000;Продано;;;30.09.19;;;;
Этто;1;104;1К;;41,5;https://drive.google.com/uc?id=1ZWH7AA9WXL9ScFkpCdsvDV-8G2xCGy3j;1;;;;13;1;;нет;1;3,7;;;;3,7;1;10,8;1;3;;;;;;;;;;17,8;;;;;;;;;63500;2635250;Свободно;;;;;;;4
Этто;1;105;1К;;41,8;https://drive.google.com/uc?id=1ckSJtD4nogOvuSMDpH-aYqnA8kuqk8J0;1;;;;13;1;;нет;1;3,7;;;;4,4;;10,8;1;3;;;;;;;;;;21,4;14,7;6,7;;;;;;;63000;2633400;Продано;;;26.09.19;;;;
Этто;1;106;2К;;50,5;https://drive.google.com/uc?id=1bYPyLB75h4x3ZY_bsqbPLlJWzvJ1K4dC;2;;;;13;1;;нет;1;3,8;;;;6,9;1;11,4;1;3;;;;;;;;;;25,5;10,6;14,9;;;;;;;66500;3358250;Свободно;;;;;;;1,4
Этто;1;107;3Е;;82;https://drive.google.com/uc?id=1eU5BCKdQ_Epx_mQavBjWWYEIUgMibJwz;3;;;;13;1;;нет;2;4,9;1,9;;;9,8;1;6,5;1;8,6;;;;;;;;;;52,2;13,8;14;24,4;;;;;;59000;4879000;Бронь;;;;;;;2,4
Этто;1;108;1C;;33;https://drive.google.com/uc?id=1tTMIo8WYpgCj_N0r2l8Lz9PiGG1TX311;1;;;;13;1;;да;1;3,7;;;;3,8;;4,1;1;3,8;;;;;;;;;;19,5;;;;;;;;;66500;2194500;Продано;;;03.10.19;;;;
Этто;1;109;2Е;;49,1;https://drive.google.com/uc?id=1ZLvGvsPnLM5_ixN3K6qVxFVj1eLIi18S;2;;;;14;1;;нет;1;3,7;;;;4,5;;7,4;1;3;;;;;;;;;;32;18,3;13,7;;;;;;;62750;3090845;Свободно;;;;;;;
Этто;1;110;2К;;53,1;https://drive.google.com/uc?id=1lcBryL4hLzm241THcp4HMgmhX2lCrJBb;2;;;;14;1;;нет;1;4,6;;;;4,8;;8,8;1;3;;;;;;;;;;33,4;20;13,4;;;;;;;70750;3767445;Бронь;;;;;;;
Этто;1;111;2К;;48,1;https://drive.google.com/uc?id=1XqB5lGfSlR5MdlEHl5Mov89yD5lt9Cm8;2;;;;14;1;;нет;1;3,7;;;;4,4;;10,8;1;3;;;;;;;;;;27,7;16;11,7;;;;;;;70750;3403075;Свободно;;;;;;;
Этто;1;112;1К;;41,5;https://drive.google.com/uc?id=1ZWH7AA9WXL9ScFkpCdsvDV-8G2xCGy3j;1;;;;14;1;;нет;1;3,7;;;;3,7;1;10,8;1;3;;;;;;;;;;17,8;;;;;;;;;63750;2645625;Свободно;;;;;;;4
Этто;1;113;1К;;41,5;https://drive.google.com/uc?id=1ZWH7AA9WXL9ScFkpCdsvDV-8G2xCGy3j;1;;;;14;1;;нет;1;3,7;;;;3,7;1;10,8;1;3;;;;;;;;;;17,8;;;;;;;;;63750;2645625;Свободно;;;;;;;4
Этто;1;114;1К;;41,8;https://drive.google.com/uc?id=1ckSJtD4nogOvuSMDpH-aYqnA8kuqk8J0;1;;;;14;1;;нет;1;3,7;;;;4,4;;10,8;1;3;;;;;;;;;;21,4;14,7;6,7;;;;;;;64250;2685650;Свободно;;;;;;;
Этто;1;115;2К;;50,5;https://drive.google.com/uc?id=1bYPyLB75h4x3ZY_bsqbPLlJWzvJ1K4dC;2;;;;14;1;;нет;1;3,8;;;;6,9;1;11,4;1;3;;;;;;;;;;25,5;10,6;14,9;;;;;;;66750;3370875;Свободно;;;;;;;1,4
Этто;1;116;3Е;;82;https://drive.google.com/uc?id=1eU5BCKdQ_Epx_mQavBjWWYEIUgMibJwz;3;;;;14;1;;нет;2;4,9;1,9;;;9,8;1;6,5;1;8,6;;;;;;;;;;52,2;13,8;14;24,4;;;;;;59500;4911800;Бронь;;;;;;;2,4
Этто;1;117;1C;;33;https://drive.google.com/uc?id=1tTMIo8WYpgCj_N0r2l8Lz9PiGG1TX311;1;;;;14;1;;да;1;3,7;;;;3,8;;4,1;1;3,8;;;;;;;;;;19,5;;;;;;;;;67800;2244000;Свободно;;;;;;;
Этто;1;118;2Е;;49,1;https://drive.google.com/uc?id=1ZLvGvsPnLM5_ixN3K6qVxFVj1eLIi18S;2;;;;15;1;;нет;1;3,7;;;;4,5;;7,4;1;3;;;;;;;;;;32;18,3;13,7;;;;;;;62000;3044200;Продано;;;22.08.19;;;;
Этто;1;119;2К;;53,1;https://drive.google.com/uc?id=1lcBryL4hLzm241THcp4HMgmhX2lCrJBb;2;;;;15;1;;нет;1;4,6;;;;4,8;;8,8;1;3;;;;;;;;;;33,4;20;13,4;;;;;;;71000;3778065;Бронь;;;;;;;
Этто;1;120;2К;;48,1;https://drive.google.com/uc?id=1XqB5lGfSlR5MdlEHl5Mov89yD5lt9Cm8;2;;;;15;1;;нет;1;3,7;;;;4,4;;10,8;1;3;;;;;;;;;;27,7;16;11,7;;;;;;;71000;3478592;Бронь;;;;;;;
Этто;1;121;1К;;41,5;https://drive.google.com/uc?id=1ZWH7AA9WXL9ScFkpCdsvDV-8G2xCGy3j;1;;;;15;1;;нет;1;3,7;;;;3,7;1;10,8;1;3;;;;;;;;;;17,8;;;;;;;;;61000;2531500;Продано;;;22.08.19;;;;4
Этто;1;122;1К;;41,5;https://drive.google.com/uc?id=1ZWH7AA9WXL9ScFkpCdsvDV-8G2xCGy3j;1;;;;15;1;;нет;1;3,7;;;;3,7;1;10,8;1;3;;;;;;;;;;17,8;;;;;;;;;64000;2656000;Свободно;;;;;;;4
Этто;1;123;1К;;41,8;https://drive.google.com/uc?id=1ckSJtD4nogOvuSMDpH-aYqnA8kuqk8J0;1;;;;15;1;;нет;1;3,7;;;;4,4;;10,8;1;3;;;;;;;;;;21,4;14,7;6,7;;;;;;;61000;2549800;Продано;;;27.07.19;;;;
Этто;1;124;2К;;50,5;https://drive.google.com/uc?id=1bYPyLB75h4x3ZY_bsqbPLlJWzvJ1K4dC;2;;;;15;1;;нет;1;3,8;;;;6,9;1;11,4;1;3;;;;;;;;;;25,5;10,6;14,9;;;;;;;67000;3383500;Бронь;;;;;;;1,4
Этто;1;125;3Е;;82;https://drive.google.com/uc?id=1eU5BCKdQ_Epx_mQavBjWWYEIUgMibJwz;3;;;;15;1;;нет;2;4,9;1,9;;;9,8;1;6,5;1;8,6;;;;;;;;;;52,2;13,8;14;24,4;;;;;;60000;4944600;Бронь;;;;;;;2,4
Этто;1;126;1C;;33;https://drive.google.com/uc?id=1tTMIo8WYpgCj_N0r2l8Lz9PiGG1TX311;1;;;;15;1;;да;1;3,7;;;;3,8;;4,1;1;3,8;;;;;;;;;;19,5;;;;;;;;;68100;2252250;Свободно;;;;;;;
Этто;1;127;2Е;;49,1;https://drive.google.com/uc?id=1ZLvGvsPnLM5_ixN3K6qVxFVj1eLIi18S;2;;;;16;1;;нет;1;3,7;;;;4,5;;7,4;1;3;;;;;;;;;;32;18,3;13,7;;;;;;;63250;3110485;Свободно;;;;;;;
Этто;1;128;2К;;53,1;https://drive.google.com/uc?id=1lcBryL4hLzm241THcp4HMgmhX2lCrJBb;2;;;;16;1;;нет;1;4,6;;;;4,8;;8,8;1;3;;;;;;;;;;33,4;20;13,4;;;;;;;71250;3788685;Свободно;;;;;;;
Этто;1;129;2К;;48;https://drive.google.com/uc?id=1VF96mZ6AqaR00pNC3XpOtANI49jqmGa8;2;;;;16;1;;нет;1;3,7;;;;4,4;;10,8;1;3;;;;;;;;;;27,7;11,7;16;;;;;;;69394;3330925;Продано;;;19.09.19;;;;
Этто;1;130;1К;;41,5;https://drive.google.com/uc?id=1ZWH7AA9WXL9ScFkpCdsvDV-8G2xCGy3j;1;;;;16;1;;нет;1;3,7;;;;3,7;1;10,8;1;3;;;;;;;;;;17,8;;;;;;;;;64250;2666375;Свободно;;;;;;;4
Этто;1;131;1К;;41,5;https://drive.google.com/uc?id=1ZWH7AA9WXL9ScFkpCdsvDV-8G2xCGy3j;1;;;;16;1;;нет;1;3,7;;;;3,7;1;10,8;1;3;;;;;;;;;;17,8;;;;;;;;;64250;2666375;Свободно;;;;;;;4
Этто;1;132;1К;;41,8;https://drive.google.com/uc?id=1ckSJtD4nogOvuSMDpH-aYqnA8kuqk8J0;1;;;;16;1;;нет;1;3,7;;;;4,4;;10,8;1;3;;;;;;;;;;21,4;14,7;6,7;;;;;;;59412;2483442;Продано;;;05.08.19;;;;
Этто;1;133;2К;;50,5;https://drive.google.com/uc?id=1bYPyLB75h4x3ZY_bsqbPLlJWzvJ1K4dC;2;;;;16;1;;нет;1;3,8;;;;6,9;1;11,4;1;3;;;;;;;;;;25,5;10,6;14,9;;;;;;;67250;3396125;Продано;;;28.06.19;;;;1,4
Этто;1;134;3Е;;82;https://drive.google.com/uc?id=1eU5BCKdQ_Epx_mQavBjWWYEIUgMibJwz;3;;;;16;1;;нет;2;4,9;1,9;;;9,8;1;6,5;1;8,6;;;;;;;;;;52,2;13,8;14;24,4;;;;;;60500;4977400;Продано;;;19.06.19;;;;2,4
Этто;1;135;1C;;33;https://drive.google.com/uc?id=1tTMIo8WYpgCj_N0r2l8Lz9PiGG1TX311;1;;;;16;1;;да;1;3,7;;;;3,8;;4,1;1;3,8;;;;;;;;;;19,5;;;;;;;;;68400;2 260 500;Свободно;;;;;;;
Этто;1;136;2Е;;49,1;https://drive.google.com/uc?id=1ZLvGvsPnLM5_ixN3K6qVxFVj1eLIi18S;2;;;;17;1;;нет;1;3,7;;;;4,5;;7,4;1;3;;;;;;;;;;32;18,3;13,7;;;;;;;63500;3120305;Свободно;;;;;;;
Этто;1;137;2К;;53,1;https://drive.google.com/uc?id=1lcBryL4hLzm241THcp4HMgmhX2lCrJBb;2;;;;17;1;;нет;1;4,6;;;;4,8;;8,8;1;3;;;;;;;;;;33,4;20;13,4;;;;;;;62000;3292200;Продано;;;19.04.19;;;;
Этто;1;138;2К;;48,1;https://drive.google.com/uc?id=1XqB5lGfSlR5MdlEHl5Mov89yD5lt9Cm8;2;;;;17;1;;нет;1;3,7;;;;4,4;;10,8;1;3;;;;;;;;;;27,7;16;11,7;;;;;;;67500;3246750;Продано;;;26.08.19;;;;
Этто;1;139;1К;;41,5;https://drive.google.com/uc?id=1ZWH7AA9WXL9ScFkpCdsvDV-8G2xCGy3j;1;;;;17;1;;нет;1;3,7;;;;3,7;1;10,8;1;3;;;;;;;;;;17,8;;;;;;;;;64500;2676750;Свободно;;;;;;;4
Этто;1;140;1К;;41,5;https://drive.google.com/uc?id=1ZWH7AA9WXL9ScFkpCdsvDV-8G2xCGy3j;1;;;;17;1;;нет;1;3,7;;;;3,7;1;10,8;1;3;;;;;;;;;;17,8;;;;;;;;;64500;2676750;Свободно;;;;;;;4
Этто;1;141;1К;;41,8;https://drive.google.com/uc?id=1ckSJtD4nogOvuSMDpH-aYqnA8kuqk8J0;1;;;;17;1;;нет;1;3,7;;;;4,4;;10,8;1;3;;;;;;;;;;21,4;14,7;6,7;;;;;;;61500;2570700;Продано;;;05.07.19;;;;
Этто;1;142;2К;;50,5;https://drive.google.com/uc?id=1bYPyLB75h4x3ZY_bsqbPLlJWzvJ1K4dC;2;;;;17;1;;нет;1;3,8;;;;6,9;1;11,4;1;3;;;;;;;;;;25,5;10,6;14,9;;;;;;;67500;3408750;Свободно;;;;;;;1,4
Этто;1;143;3Е;;82;https://drive.google.com/uc?id=1eU5BCKdQ_Epx_mQavBjWWYEIUgMibJwz;3;;;;17;1;;нет;2;4,9;1,9;;;9,8;1;6,5;1;8,6;;;;;;;;;;52,2;13,8;14;24,4;;;;;;60000;5010200;Свободно;;;;;;;2,4
Этто;1;144;1C;;33;https://drive.google.com/uc?id=1tTMIo8WYpgCj_N0r2l8Lz9PiGG1TX311;1;;;;17;1;;да;1;3,7;;;;3,8;;4,1;1;3,8;;;;;;;;;;19,5;;;;;;;;;68700;2270400;Свободно;;;;;;;
Этто;1;145;2Е;;49,1;https://drive.google.com/uc?id=1ZLvGvsPnLM5_ixN3K6qVxFVj1eLIi18S;2;;;;18;1;;нет;1;3,7;;;;4,5;;7,4;1;3;;;;;;;;;;32;18,3;13,7;;;;;;;63750;3130125;Свободно;;;;;;;
Этто;1;146;2К;;53,1;https://drive.google.com/uc?id=1lcBryL4hLzm241THcp4HMgmhX2lCrJBb;2;;;;18;1;;нет;1;4,6;;;;4,8;;8,8;1;3;;;;;;;;;;33,4;20;13,4;;;;;;;71750;3809925;Свободно;;;;;;;
Этто;1;147;2К;;48,1;https://drive.google.com/uc?id=1XqB5lGfSlR5MdlEHl5Mov89yD5lt9Cm8;2;;;;18;1;;нет;1;3,7;;;;4,4;;10,8;1;3;;;;;;;;;;27,7;16;11,7;;;;;;;71750;3467048;Бронь;;;;;;;
Этто;1;148;1К;;41,5;https://drive.google.com/uc?id=1ZWH7AA9WXL9ScFkpCdsvDV-8G2xCGy3j;1;;;;18;1;;нет;1;3,7;;;;3,7;1;10,8;1;3;;;;;;;;;;17,8;;;;;;;;;64750;2687125;Свободно;;;;;;;4
Этто;1;149;1К;;41,5;https://drive.google.com/uc?id=1ZWH7AA9WXL9ScFkpCdsvDV-8G2xCGy3j;1;;;;18;1;;нет;1;3,7;;;;3,7;1;10,8;1;3;;;;;;;;;;17,8;;;;;;;;;64750;2687125;Свободно;;;;;;;4
Этто;1;150;1К;;41,8;https://drive.google.com/uc?id=1ckSJtD4nogOvuSMDpH-aYqnA8kuqk8J0;1;;;;18;1;;нет;1;3,7;;;;4,4;;10,8;1;3;;;;;;;;;;21,4;14,7;6,7;;;;;;;61750;2581150;Продано;;;10.08.19;;;;
Этто;1;151;2К;;50,5;https://drive.google.com/uc?id=1bYPyLB75h4x3ZY_bsqbPLlJWzvJ1K4dC;2;;;;18;1;;нет;1;3,8;;;;6,9;1;11,4;1;3;;;;;;;;;;25,5;10,6;14,9;;;;;;;67750;3421375;Свободно;;;;;;;1,4
Этто;1;152;3Е;;82;https://drive.google.com/uc?id=1eU5BCKdQ_Epx_mQavBjWWYEIUgMibJwz;3;;;;18;1;;нет;2;4,9;1,9;;;9,8;1;6,5;1;8,6;;;;;;;;;;52,2;13,8;14;24,4;;;;;;61500;5043000;Свободно;;;;;;;2,4
Этто;1;153;1C;;33;https://drive.google.com/uc?id=1tTMIo8WYpgCj_N0r2l8Lz9PiGG1TX311;1;;;;18;1;;да;1;3,7;;;;3,8;;4,1;1;3,8;;;;;;;;;;19,5;;;;;;;;;69000;2277000;Свободно;;;;;;;
Этто;1;154;4Е;;132,8;https://drive.google.com/uc?id=1rnbA1P19Xxpo-0nwxEevOjuZs-r4J-2c;4;;;;19;1;;нет;2;4,6;2,6;;;9,7;1;16,7;0;;;;;;104,6;;;;;53;17,8;20,6;14,6;;;;;;65000;8632000;Продано;;;18.06.19;;;;4,5
Этто;1;156;1К;;41,8;https://drive.google.com/uc?id=1ckSJtD4nogOvuSMDpH-aYqnA8kuqk8J0;1;;;;19;1;;нет;1;3,7;;;;4,4;;10,8;1;3;;;;;;;;;;21,4;14,7;6,7;;;;;;;68500;2863300;Свободно;;;;;;;
Этто;1;157;2К;;50,5;https://drive.google.com/uc?id=1bYPyLB75h4x3ZY_bsqbPLlJWzvJ1K4dC;2;;;;19;1;;нет;1;3,8;;;;6,9;1;11,4;1;3;;;;;;;;;;25,5;10,6;14,9;;;;;;;71000;3585500;Свободно;;;;;;;1,4
Этто;1;158;3Е;;82;https://drive.google.com/uc?id=1eU5BCKdQ_Epx_mQavBjWWYEIUgMibJwz;3;;;;19;1;;нет;2;4,9;1,9;;;9,8;1;6,5;1;8,6;;;;;;;;;;52,2;13,8;14;24,4;;;;;;63000;5248000;Свободно;;;;;;;2,4
Этто;1;159;1C;;33;https://drive.google.com/uc?id=1tTMIo8WYpgCj_N0r2l8Lz9PiGG1TX311;1;;;;19;1;;да;1;3,7;;;;3,8;;4,1;1;3,8;;;;;;;;;;19,5;;;;;;;;;72300;2385900;Свободно;;;;;;;
Этто;1;160;2Е;;50;https://drive.google.com/uc?id=1ENvMCzwWwFyvRwj6OoQsrJmv4n8Djjhr;2;;;;2;2;;нет;1;4,6;;;;4,5;;7,4;1;3;;;;;;;;;;32;18,3;13,7;;;;;;;63750;3187500;Свободно;;;;;;;
Этто;1;161;2Е;;51,9;https://drive.google.com/uc?id=1u0avWOIIUdWunTRTckyHOhE6FIH0eGa-;2;;;;2;2;;нет;1;4,2;;;;5;;9,3;1;3;;;;;;;;;;31,9;18,2;13,7;;;;;;;62750;3256725;Свободно;;;;;;;
Этто;1;162;2Е;;44,8;https://drive.google.com/uc?id=1ZkakGPA3SUTAGDkd7-M9w0-7SSaun9I0;2;;;;2;2;;нет;1;3,7;;;;4,4;;9,4;1;3;;;;;;;;;;25,8;15;10,8;;;;;;;67750;3035200;Свободно;;;;;;;
Этто;1;163;1К;;41,5;https://drive.google.com/uc?id=1ZWH7AA9WXL9ScFkpCdsvDV-8G2xCGy3j;1;;;;2;2;;нет;1;3,7;;;;3,7;1;10,8;1;3;;;;;;;;;;17,8;;;;;;;;;65000;2697500;Свободно;;;;;;;4
Этто;1;164;1К;;41,5;https://drive.google.com/uc?id=1ZWH7AA9WXL9ScFkpCdsvDV-8G2xCGy3j;1;;;;2;2;;нет;1;3,7;;;;3,7;1;10,8;1;3;;;;;;;;;;17,8;;;;;;;;;65000;2697500;Свободно;;;;;;;4
Этто;1;165;1К;;41,8;https://drive.google.com/uc?id=1ckSJtD4nogOvuSMDpH-aYqnA8kuqk8J0;1;;;;2;2;;нет;1;3,7;;;;4,4;;10,8;1;3;;;;;;;;;;21,4;14,7;6,7;;;;;;;65500;2737900;Свободно;;;;;;;
Этто;1;166;2К;;50,5;https://drive.google.com/uc?id=1bYPyLB75h4x3ZY_bsqbPLlJWzvJ1K4dC;2;;;;2;2;;нет;1;3,8;;;;6,9;1;11,4;1;3;;;;;;;;;;25,5;10,6;14,9;;;;;;;69750;3522375;Бронь;;;;;;;1,4
Этто;1;167;3Е;;81,5;https://drive.google.com/uc?id=1pIHl62KAS0IyIAGIdjxuHp2VBX993KMr;3;;;;2;2;;нет;2;4,9;2,4;;;10,6;1;10,7;1;8,8;;;;;;;;;;46,1;13,8;13,8;18,5;;;;;;59500;4849250;Продано;;;24.06.19;;;;2,4
Этто;1;168;1C;;33;https://drive.google.com/uc?id=1tTMIo8WYpgCj_N0r2l8Lz9PiGG1TX311;1;;;;2;2;;да;1;3,7;;;;3,8;;4,1;1;3,8;;;;;;;;;;19,5;;;;;;;;;69000;2277000;Бронь;;;;;;;
Этто;1;169;2Е;;50;https://drive.google.com/uc?id=1cHbSPNpqBoOaGybwXdo2kz25MSE0cHiF;2;;;;3;2;;нет;1;4,6;;;;4,5;;7,4;1;3;;;;;;;;;;32;13,7;18,3;;;;;;;58000;2900000;Продано;;;28.09.19;;;;
Этто;1;170;2Е;;52;https://drive.google.com/uc?id=1CATCU5og4d7CCR9Sq7kEgnrsa_na3hsd;2;;;;3;2;;нет;1;4,2;;;;5;;9,3;1;3;;;;;;;;;;31,9;18,2;13,7;;;;;;;57888;3010200;Продано;;;18.09.19;;;;
Этто;1;171;2Е;;44,8;https://drive.google.com/uc?id=1ZkakGPA3SUTAGDkd7-M9w0-7SSaun9I0;2;;;;3;2;;нет;1;3,7;;;;4,4;;9,4;1;3;;;;;;;;;;25,8;15;10,8;;;;;;;58000;2598400;Продано;;;20.06.19;;;;
Этто;1;172;1К;;41,5;https://drive.google.com/uc?id=1ZWH7AA9WXL9ScFkpCdsvDV-8G2xCGy3j;1;;;;3;2;;нет;1;3,7;;;;3,7;1;10,8;1;3;;;;;;;;;;17,8;;;;;;;;;58000;2407000;Продано;;;19.06.19;;;;4
Этто;1;173;1К;;41,5;https://drive.google.com/uc?id=1ZWH7AA9WXL9ScFkpCdsvDV-8G2xCGy3j;1;;;;3;2;;нет;1;3,7;;;;3,7;1;10,8;1;3;;;;;;;;;;17,8;;;;;;;;;58000;2407000;Продано;;;29.04.19;;;;4
Этто;1;174;1К;;41,8;https://drive.google.com/uc?id=1ckSJtD4nogOvuSMDpH-aYqnA8kuqk8J0;1;;;;3;2;;нет;1;3,7;;;;4,4;;10,8;1;3;;;;;;;;;;21,4;14,7;6,7;;;;;;;58160;2431100;Продано;;;04.09.19;;;;
Этто;1;175;2К;;50,5;https://drive.google.com/uc?id=1bYPyLB75h4x3ZY_bsqbPLlJWzvJ1K4dC;2;;;;3;2;;нет;1;3,8;;;;6,9;1;11,4;1;3;;;;;;;;;;25,5;10,6;14,9;;;;;;;59184;2988776;Продано;;;08.05.19;;;;1,4
Этто;1;176;3Е;;81,5;https://drive.google.com/uc?id=1pIHl62KAS0IyIAGIdjxuHp2VBX993KMr;3;;;;3;2;;нет;2;4,9;2,4;;;10,6;1;10,7;1;8,8;;;;;;;;;;46,1;13,8;13,8;18,5;;;;;;59000;4808500;Продано;;;04.10.19;;;;2,4
Этто;1;177;1C;;33;https://drive.google.com/uc?id=1tTMIo8WYpgCj_N0r2l8Lz9PiGG1TX311;1;;;;3;2;;да;1;3,7;;;;3,8;;4,1;1;3,8;;;;;;;;;;19,5;;;;;;;;;55000;1815000;Продано;;;30.05.19;;;;
Этто;1;178;2Е;;50;https://drive.google.com/uc?id=1ENvMCzwWwFyvRwj6OoQsrJmv4n8Djjhr;2;;;;4;2;;нет;1;4,6;;;;4,5;;7,4;1;3;;;;;;;;;;32;18,3;13,7;;;;;;;59250;2962500;Бронь;;;;;;;
Этто;1;179;2Е;;51,9;https://drive.google.com/uc?id=1u0avWOIIUdWunTRTckyHOhE6FIH0eGa-;2;;;;4;2;;нет;1;4,2;;;;5;;9,3;1;3;;;;;;;;;;31,9;18,2;13,7;;;;;;;59439;3084872;Продано;;;03.09.19;;;;
Этто;1;180;2Е;;44,8;https://drive.google.com/uc?id=1ZkakGPA3SUTAGDkd7-M9w0-7SSaun9I0;2;;;;4;2;;нет;1;3,7;;;;4,4;;9,4;1;3;;;;;;;;;;25,8;15;10,8;;;;;;;58250;2609600;Продано;;;27.05.19;;;;
Этто;1;181;1К;;41,5;https://drive.google.com/uc?id=1ZWH7AA9WXL9ScFkpCdsvDV-8G2xCGy3j;1;;;;4;2;;нет;1;3,7;;;;3,7;1;10,8;1;3;;;;;;;;;;17,8;;;;;;;;;60250;2500375;Бронь;;;;;;;4
Этто;1;182;1К;;41,5;https://drive.google.com/uc?id=1ZWH7AA9WXL9ScFkpCdsvDV-8G2xCGy3j;1;;;;4;2;;нет;1;3,7;;;;3,7;1;10,8;1;3;;;;;;;;;;17,8;;;;;;;;;61250;2555363;Свободно;;;;;;;4
Этто;1;183;1К;;41,8;https://drive.google.com/uc?id=1ckSJtD4nogOvuSMDpH-aYqnA8kuqk8J0;1;;;;4;2;;нет;1;3,7;;;;4,4;;10,8;1;3;;;;;;;;;;21,4;14,7;6,7;;;;;;;58250;2434850;Продано;;;02.09.19;;;;
Этто;1;184;2К;;50,5;https://drive.google.com/uc?id=1bYPyLB75h4x3ZY_bsqbPLlJWzvJ1K4dC;2;;;;4;2;;нет;1;3,8;;;;6,9;1;11,4;1;3;;;;;;;;;;25,5;10,6;14,9;;;;;;;59250;2992125;Продано;;;21.05.19;;;;1,4
Этто;1;185;3Е;;81,5;https://drive.google.com/uc?id=1pIHl62KAS0IyIAGIdjxuHp2VBX993KMr;3;;;;4;2;;нет;2;4,9;2,4;;;10,6;1;10,7;1;8,8;;;;;;;;;;46,1;13,8;13,8;18,5;;;;;;52500;4278750;Продано;;;19.06.19;;;;2,4
Этто;1;186;1C;;33;https://drive.google.com/uc?id=1tTMIo8WYpgCj_N0r2l8Lz9PiGG1TX311;1;;;;4;2;;да;1;3,7;;;;3,8;;4,1;1;3,8;;;;;;;;;;19,5;;;;;;;;;62300;2055900;Продано;;;21.06.19;;;;
Этто;1;188;2Е;;51,9;https://drive.google.com/uc?id=1u0avWOIIUdWunTRTckyHOhE6FIH0eGa-;2;;;;5;2;;нет;1;4,2;;;;5;;9,3;1;3;;;;;;;;;;31,9;18,2;13,7;;;;;;;58500;3036150;Продано;;;13.09.19;;;;
Этто;1;189;2Е;;44,8;https://drive.google.com/uc?id=1ZkakGPA3SUTAGDkd7-M9w0-7SSaun9I0;2;;;;5;2;;нет;1;3,7;;;;4,4;;9,4;1;3;;;;;;;;;;25,8;15;10,8;;;;;;;57000;2553600;Продано;;;08.05.19;;;;
Этто;1;190;1К;;41,5;https://drive.google.com/uc?id=1ZWH7AA9WXL9ScFkpCdsvDV-8G2xCGy3j;1;;;;5;2;;нет;1;3,7;;;;3,7;1;10,8;1;3;;;;;;;;;;17,8;;;;;;;;;61500;2561380;Бронь;;;;;;;4
Этто;1;191;1К;;41,5;https://drive.google.com/uc?id=1ZWH7AA9WXL9ScFkpCdsvDV-8G2xCGy3j;1;;;;5;2;;нет;1;3,7;;;;3,7;1;10,8;1;3;;;;;;;;;;17,8;;;;;;;;;59694;2477296;Продано;;;06.09.19;;;;4
Этто;1;192;1К;;41,8;https://drive.google.com/uc?id=1ckSJtD4nogOvuSMDpH-aYqnA8kuqk8J0;1;;;;5;2;;нет;1;3,7;;;;4,4;;10,8;1;3;;;;;;;;;;21,4;14,7;6,7;;;;;;;56000;2340800;Продано;;;23.04.19;;;;
Этто;1;193;2К;;50,5;https://drive.google.com/uc?id=1bYPyLB75h4x3ZY_bsqbPLlJWzvJ1K4dC;2;;;;5;2;;нет;1;3,8;;;;6,9;1;11,4;1;3;;;;;;;;;;25,5;10,6;14,9;;;;;;;66500;3358250;Бронь;;;;;;;1,4
Этто;1;194;3Е;;81,5;https://drive.google.com/uc?id=1pIHl62KAS0IyIAGIdjxuHp2VBX993KMr;3;;;;5;2;;нет;2;4,9;2,4;;;10,6;1;10,7;1;8,8;;;;;;;;;;46,1;13,8;13,8;18,5;;;;;;53000;4319500;Продано;;;17.06.19;;;;2,4
Этто;1;195;1C;;33;https://drive.google.com/uc?id=1tTMIo8WYpgCj_N0r2l8Lz9PiGG1TX311;1;;;;5;2;;да;1;3,7;;;;3,8;;4,1;1;3,8;;;;;;;;;;19,5;;;;;;;;;63100;2082300;Продано;;;22.08.19;;;;
Этто;1;196;2Е;;50;https://drive.google.com/uc?id=1ENvMCzwWwFyvRwj6OoQsrJmv4n8Djjhr;2;;;;6;2;;нет;1;4,6;;;;4,5;;7,4;1;3;;;;;;;;;;32;18,3;13,7;;;;;;;58750;2937500;Продано;;;11.09.19;;;;
Этто;1;197;2Е;;51,9;https://drive.google.com/uc?id=1u0avWOIIUdWunTRTckyHOhE6FIH0eGa-;2;;;;6;2;;нет;1;4,2;;;;5;;9,3;1;3;;;;;;;;;;31,9;18,2;13,7;;;;;;;58750;3049125;Продано;;;29.08.19;;;;
Этто;1;198;2Е;;44,8;https://drive.google.com/uc?id=1ZkakGPA3SUTAGDkd7-M9w0-7SSaun9I0;2;;;;6;2;;нет;1;3,7;;;;4,4;;9,4;1;3;;;;;;;;;;25,8;15;10,8;;;;;;;58750;2632000;Продано;;;27.05.19;;;;
Этто;1;199;1К;;41,5;https://drive.google.com/uc?id=1ZWH7AA9WXL9ScFkpCdsvDV-8G2xCGy3j;1;;;;6;2;;нет;1;3,7;;;;3,7;1;10,8;1;3;;;;;;;;;;17,8;;;;;;;;;58750;2438125;Продано;;;11.09.19;;;;4
Этто;1;200;1К;;41,5;https://drive.google.com/uc?id=1ZWH7AA9WXL9ScFkpCdsvDV-8G2xCGy3j;1;;;;6;2;;нет;1;3,7;;;;3,7;1;10,8;1;3;;;;;;;;;;17,8;;;;;;;;;58911;2444825;Продано;;;16.07.19;;;;4
Этто;1;201;1К;;41,8;https://drive.google.com/uc?id=1ckSJtD4nogOvuSMDpH-aYqnA8kuqk8J0;1;;;;6;2;;нет;1;3,7;;;;4,4;;10,8;1;3;;;;;;;;;;21,4;14,7;6,7;;;;;;;58750;2455750;Продано;;;10.09.19;;;;
Этто;1;202;2К;;50,5;https://drive.google.com/uc?id=1bYPyLB75h4x3ZY_bsqbPLlJWzvJ1K4dC;2;;;;6;2;;нет;1;3,8;;;;6,9;1;11,4;1;3;;;;;;;;;;25,5;10,6;14,9;;;;;;;55446;2800000;Продано;;;30.04.19;;;;1,4
Этто;1;203;3Е;;81,5;https://drive.google.com/uc?id=1pIHl62KAS0IyIAGIdjxuHp2VBX993KMr;3;;;;6;2;;нет;2;4,9;2,4;;;10,6;1;10,7;1;8,8;;;;;;;;;;46,1;13,8;13,8;18,5;;;;;;53500;4360250;Продано;;;03.06.19;;;;2,4
Этто;1;204;1C;;33;https://drive.google.com/uc?id=1tTMIo8WYpgCj_N0r2l8Lz9PiGG1TX311;1;;;;6;2;;да;1;3,7;;;;3,8;;4,1;1;3,8;;;;;;;;;;19,5;;;;;;;;;64400;2125200;Продано;;;13.09.19;;;;
Этто;1;205;2Е;;50;https://drive.google.com/uc?id=1ENvMCzwWwFyvRwj6OoQsrJmv4n8Djjhr;2;;;;7;2;;нет;1;4,6;;;;4,5;;7,4;1;3;;;;;;;;;;32;18,3;13,7;;;;;;;59000;2950000;Продано;;;13.09.19;;;;
Этто;1;206;2Е;;51,9;https://drive.google.com/uc?id=1u0avWOIIUdWunTRTckyHOhE6FIH0eGa-;2;;;;7;2;;нет;1;4,2;;;;5;;9,3;1;3;;;;;;;;;;31,9;18,2;13,7;;;;;;;59000;3062100;Продано;;;02.09.19;;;;
Этто;1;207;2Е;;44,8;https://drive.google.com/uc?id=1ZkakGPA3SUTAGDkd7-M9w0-7SSaun9I0;2;;;;7;2;;нет;1;3,7;;;;4,4;;9,4;1;3;;;;;;;;;;25,8;15;10,8;;;;;;;64000;2867200;Бронь;;;;;;;
Этто;1;208;1К;;41,5;https://drive.google.com/uc?id=1ZWH7AA9WXL9ScFkpCdsvDV-8G2xCGy3j;1;;;;7;2;;нет;1;3,7;;;;3,7;1;10,8;1;3;;;;;;;;;;17,8;;;;;;;;;62000;2573000;Бронь;;;;;;;4
Этто;1;209;1К;;41,5;https://drive.google.com/uc?id=1ZWH7AA9WXL9ScFkpCdsvDV-8G2xCGy3j;1;;;;7;2;;нет;1;3,7;;;;3,7;1;10,8;1;3;;;;;;;;;;17,8;;;;;;;;;62000;2573000;Свободно;;;;;;;4
Этто;1;210;1К;;41,8;https://drive.google.com/uc?id=1ckSJtD4nogOvuSMDpH-aYqnA8kuqk8J0;1;;;;7;2;;нет;1;3,7;;;;4,4;;10,8;1;3;;;;;;;;;;21,4;14,7;6,7;;;;;;;62500;2656390;Свободно;;;;;;;
Этто;1;211;2К;;50,5;https://drive.google.com/uc?id=1bYPyLB75h4x3ZY_bsqbPLlJWzvJ1K4dC;2;;;;7;2;;нет;1;3,8;;;;6,9;1;11,4;1;3;;;;;;;;;;25,5;10,6;14,9;;;;;;;65000;3282500;Продано;;;13.06.19;;;;1,4
Этто;1;212;3Е;;81,5;https://drive.google.com/uc?id=1pIHl62KAS0IyIAGIdjxuHp2VBX993KMr;3;;;;7;2;;нет;2;4,9;2,4;;;10,6;1;10,7;1;8,8;;;;;;;;;;46,1;13,8;13,8;18,5;;;;;;54000;4401000;Продано;;;06.05.19;;;;2,4
Этто;1;213;1C;;33;https://drive.google.com/uc?id=1tXioj1adPThZ3BNUiSz8tmp6VcAwd4YJ;1;;;;7;2;;да;1;3,7;;;;3,8;;4,1;1;3,8;;;;;;;;;;19,5;;;;;;;;;64697;2135000;Продано;;;28.09.19;;;;
Этто;1;214;2Е;;50;https://drive.google.com/uc?id=1ENvMCzwWwFyvRwj6OoQsrJmv4n8Djjhr;2;;;;8;2;;нет;1;4,6;;;;4,5;;7,4;1;3;;;;;;;;;;32;18,3;13,7;;;;;;;59250;2962500;Продано;;;05.09.19;;;;
Этто;1;215;2Е;;51,9;https://drive.google.com/uc?id=1u0avWOIIUdWunTRTckyHOhE6FIH0eGa-;2;;;;8;2;;нет;1;4,2;;;;5;;9,3;1;3;;;;;;;;;;31,9;18,2;13,7;;;;;;;59250;3085455;Бронь;;;;;;;
Этто;1;216;2Е;;44,8;https://drive.google.com/uc?id=1ZkakGPA3SUTAGDkd7-M9w0-7SSaun9I0;2;;;;8;2;;нет;1;3,7;;;;4,4;;9,4;1;3;;;;;;;;;;25,8;15;10,8;;;;;;;59250;2654400;Продано;;;04.07.19;;;;
Этто;1;217;1К;;41,5;https://drive.google.com/uc?id=1ZWH7AA9WXL9ScFkpCdsvDV-8G2xCGy3j;1;;;;8;2;;нет;1;3,7;;;;3,7;1;10,8;1;3;;;;;;;;;;17,8;;;;;;;;;57500;2386250;Продано;;;23.04.19;;;;4
Этто;1;218;1К;;41,5;https://drive.google.com/uc?id=1ZWH7AA9WXL9ScFkpCdsvDV-8G2xCGy3j;1;;;;8;2;;нет;1;3,7;;;;3,7;1;10,8;1;3;;;;;;;;;;17,8;;;;;;;;;62250;2590015;Свободно;;;;;;;4
Этто;1;219;1К;;41,8;https://drive.google.com/uc?id=1ckSJtD4nogOvuSMDpH-aYqnA8kuqk8J0;1;;;;8;2;;нет;1;3,7;;;;4,4;;10,8;1;3;;;;;;;;;;21,4;14,7;6,7;;;;;;;62750;2661615;Свободно;;;;;;;
Этто;1;220;2К;;50,5;https://drive.google.com/uc?id=1bYPyLB75h4x3ZY_bsqbPLlJWzvJ1K4dC;2;;;;8;2;;нет;1;3,8;;;;6,9;1;11,4;1;3;;;;;;;;;;25,5;10,6;14,9;;;;;;;56634;2860000;Продано;;;22.04.19;;;;1,4
Этто;1;221;3Е;;81,5;https://drive.google.com/uc?id=1pIHl62KAS0IyIAGIdjxuHp2VBX993KMr;3;;;;8;2;;нет;2;4,9;2,4;;;10,6;1;10,7;1;8,8;;;;;;;;;;46,1;13,8;13,8;18,5;;;;;;54500;4441750;Продано;;;29.05.19;;;;2,4
Этто;1;222;1C;;33;https://drive.google.com/uc?id=1tTMIo8WYpgCj_N0r2l8Lz9PiGG1TX311;1;;;;8;2;;да;1;3,7;;;;3,8;;4,1;1;3,8;;;;;;;;;;19,5;;;;;;;;;63500;2095500;Продано;;;06.06.19;;;;
Этто;1;223;2Е;;50;https://drive.google.com/uc?id=1ENvMCzwWwFyvRwj6OoQsrJmv4n8Djjhr;2;;;;9;2;;нет;1;4,6;;;;4,5;;7,4;1;3;;;;;;;;;;32;13,7;18,3;;;;;;;59500;2975000;Продано;;;02.08.19;;;;
Этто;1;224;2Е;;51,9;https://drive.google.com/uc?id=1u0avWOIIUdWunTRTckyHOhE6FIH0eGa-;2;;;;9;2;;нет;1;4,2;;;;5;;9,3;1;3;;;;;;;;;;31,9;18,2;13,7;;;;;;;59500;3088050;Бронь;;;;;;;
Этто;1;225;2Е;;44,8;https://drive.google.com/uc?id=1ZkakGPA3SUTAGDkd7-M9w0-7SSaun9I0;2;;;;9;2;;нет;1;3,7;;;;4,4;;9,4;1;3;;;;;;;;;;25,8;15;10,8;;;;;;;62500;2800000;Продано;;;06.08.19;;;;
Этто;1;226;1К;;41,5;https://drive.google.com/uc?id=1ZWH7AA9WXL9ScFkpCdsvDV-8G2xCGy3j;1;;;;9;2;;нет;1;3,7;;;;3,7;1;10,8;1;3;;;;;;;;;;17,8;;;;;;;;;62500;2593750;Свободно;;;;;;;4
Этто;1;227;1К;;41,5;https://drive.google.com/uc?id=1ZWH7AA9WXL9ScFkpCdsvDV-8G2xCGy3j;1;;;;9;2;;нет;1;3,7;;;;3,7;1;10,8;1;3;;;;;;;;;;17,8;;;;;;;;;62500;2593750;Свободно;;;;;;;4
Этто;1;228;1К;;41,8;https://drive.google.com/uc?id=1ckSJtD4nogOvuSMDpH-aYqnA8kuqk8J0;1;;;;9;2;;нет;1;3,7;;;;4,4;;10,8;1;3;;;;;;;;;;21,4;14,7;6,7;;;;;;;63000;2658898;Свободно;;;;;;;
Этто;1;229;2К;;50,5;https://drive.google.com/uc?id=1bYPyLB75h4x3ZY_bsqbPLlJWzvJ1K4dC;2;;;;9;2;;нет;1;3,8;;;;6,9;1;11,4;1;3;;;;;;;;;;25,5;10,6;14,9;;;;;;;65500;3307750;Продано;;;04.07.19;;;;1,4
Этто;1;230;3Е;;81,5;https://drive.google.com/uc?id=1pIHl62KAS0IyIAGIdjxuHp2VBX993KMr;3;;;;9;2;;нет;2;4,9;2,4;;;10,6;1;10,7;1;8,8;;;;;;;;;;46,1;13,8;13,8;18,5;;;;;;55000;4482500;Продано;;;24.06.19;;;;2,4
Этто;1;231;1C;;33;https://drive.google.com/uc?id=1tTMIo8WYpgCj_N0r2l8Lz9PiGG1TX311;1;;;;9;2;;да;1;3,7;;;;3,8;;4,1;1;3,8;;;;;;;;;;19,5;;;;;;;;;64300;2121900;Продано;;;31.07.19;;;;
Этто;1;232;2Е;;50;https://drive.google.com/uc?id=1cHbSPNpqBoOaGybwXdo2kz25MSE0cHiF;2;;;;10;2;;нет;1;4,6;;;;4,5;;7,4;1;3;;;;;;;;;;32;13,7;18,3;;;;;;;59750;2987500;Продано;;;17.09.19;;;;
Этто;1;233;2Е;;51,9;https://drive.google.com/uc?id=1u0avWOIIUdWunTRTckyHOhE6FIH0eGa-;2;;;;10;2;;нет;1;4,2;;;;5;;9,3;1;3;;;;;;;;;;31,9;18,2;13,7;;;;;;;59750;3101025;Свободно;;;;;;;
Этто;1;234;2Е;;44,8;https://drive.google.com/uc?id=1ZkakGPA3SUTAGDkd7-M9w0-7SSaun9I0;2;;;;10;2;;нет;1;3,7;;;;4,4;;9,4;1;3;;;;;;;;;;25,8;15;10,8;;;;;;;59750;2676800;Продано;;;28.06.19;;;;
Этто;1;235;1К;;41,5;https://drive.google.com/uc?id=1ZWH7AA9WXL9ScFkpCdsvDV-8G2xCGy3j;1;;;;10;2;;нет;1;3,7;;;;3,7;1;10,8;1;3;;;;;;;;;;17,8;;;;;;;;;62750;2604125;Продано;;;09.10.19;;;;4
Этто;1;236;1К;;41,5;https://drive.google.com/uc?id=1ZWH7AA9WXL9ScFkpCdsvDV-8G2xCGy3j;1;;;;10;2;;нет;1;3,7;;;;3,7;1;10,8;1;3;;;;;;;;;;17,8;;;;;;;;;62750;2604125;Свободно;;;;;;;4
Этто;1;237;1К;;41,8;https://drive.google.com/uc?id=1ckSJtD4nogOvuSMDpH-aYqnA8kuqk8J0;1;;;;10;2;;нет;1;3,7;;;;4,4;;10,8;1;3;;;;;;;;;;21,4;14,7;6,7;;;;;;;57958;2422624;Продано;;;06.09.19;;;;
Этто;1;238;2К;;50,5;https://drive.google.com/uc?id=1bYPyLB75h4x3ZY_bsqbPLlJWzvJ1K4dC;2;;;;10;2;;нет;1;3,8;;;;6,9;1;11,4;1;3;;;;;;;;;;25,5;10,6;14,9;;;;;;;60750;3067875;Продано;;;22.05.19;;;;1,4
Этто;1;239;3Е;;81,5;https://drive.google.com/uc?id=1pIHl62KAS0IyIAGIdjxuHp2VBX993KMr;3;;;;10;2;;нет;2;4,9;2,4;;;10,6;1;10,7;1;8,8;;;;;;;;;;46,1;13,8;13,8;18,5;;;;;;55500;4523250;Продано;;;31.05.19;;;;2,4
Этто;1;240;1C;;33;https://drive.google.com/uc?id=1tTMIo8WYpgCj_N0r2l8Lz9PiGG1TX311;1;;;;10;2;;да;1;3,7;;;;3,8;;4,1;1;3,8;;;;;;;;;;19,5;;;;;;;;;64100;2115300;Продано;;;20.06.19;;;;
Этто;1;241;2Е;;50;https://drive.google.com/uc?id=1cHbSPNpqBoOaGybwXdo2kz25MSE0cHiF;2;;;;11;2;;нет;1;4,6;;;;4,5;;7,4;1;3;;;;;;;;;;32;13,7;18,3;;;;;;;60000;3000000;Продано;;;26.09.19;;;;
Этто;1;242;2Е;;51,9;https://drive.google.com/uc?id=1u0avWOIIUdWunTRTckyHOhE6FIH0eGa-;2;;;;11;2;;нет;1;4,2;;;;5;;9,3;1;3;;;;;;;;;;31,9;18,2;13,7;;;;;;;60000;3114000;Свободно;;;;;;;
Этто;1;243;2Е;;44,8;https://drive.google.com/uc?id=1ZkakGPA3SUTAGDkd7-M9w0-7SSaun9I0;2;;;;11;2;;нет;1;3,7;;;;4,4;;9,4;1;3;;;;;;;;;;25,8;15;10,8;;;;;;;60000;2688000;Продано;;;04.07.19;;;;
Этто;1;244;1К;;42;https://drive.google.com/uc?id=1IEHm3JuW5bXgXmOozXZDOoqgsF743DTY;1;;;;11;2;;нет;1;3,7;;;;4,4;;10,8;1;3;;;;;;;;;;21,4;;;;;;;;;61262;2573000;Продано;;;24.09.19;;;;
Этто;1;245;1К;;41,5;https://drive.google.com/uc?id=1ZWH7AA9WXL9ScFkpCdsvDV-8G2xCGy3j;1;;;;11;2;;нет;1;3,7;;;;3,7;1;10,8;1;3;;;;;;;;;;17,8;;;;;;;;;63000;2614500;Свободно;;;;;;;4
Этто;1;246;1К;;41,8;https://drive.google.com/uc?id=1ckSJtD4nogOvuSMDpH-aYqnA8kuqk8J0;1;;;;11;2;;нет;1;3,7;;;;4,4;;10,8;1;3;;;;;;;;;;21,4;14,7;6,7;;;;;;;63500;2675618;Свободно;;;;;;;
Этто;1;247;2К;;50,5;https://drive.google.com/uc?id=1bYPyLB75h4x3ZY_bsqbPLlJWzvJ1K4dC;2;;;;11;2;;нет;1;3,8;;;;6,9;1;11,4;1;3;;;;;;;;;;25,5;10,6;14,9;;;;;;;66000;3333000;Продано;;;28.06.19;;;;1,4
Этто;1;248;3Е;;81,5;https://drive.google.com/uc?id=1pIHl62KAS0IyIAGIdjxuHp2VBX993KMr;3;;;;11;2;;нет;2;4,9;2,4;;;10,6;1;10,7;1;8,8;;;;;;;;;;46,1;13,8;13,8;18,5;;;;;;61380;5002470;Продано;;;04.10.19;;;;2,4
Этто;1;249;1C;;33;https://drive.google.com/uc?id=1tTMIo8WYpgCj_N0r2l8Lz9PiGG1TX311;1;;;;11;2;;да;1;3,7;;;;3,8;;4,1;1;3,8;;;;;;;;;;19,5;;;;;;;;;65900;2174700;Продано;;;12.09.19;;;;
Этто;1;250;2Е;;50;https://drive.google.com/uc?id=1cHbSPNpqBoOaGybwXdo2kz25MSE0cHiF;2;;;;12;2;;нет;1;4,6;;;;4,5;;7,4;1;3;;;;;;;;;;32;13,7;18,3;;;;;;;60250;3012500;Продано;;;24.09.19;;;;
Этто;1;251;2Е;;51,9;https://drive.google.com/uc?id=1u0avWOIIUdWunTRTckyHOhE6FIH0eGa-;2;;;;12;2;;нет;1;4,2;;;;5;;9,3;1;3;;;;;;;;;;31,9;18,2;13,7;;;;;;;60250;3126975;Свободно;;;;;;;
Этто;1;252;2Е;;44,8;https://drive.google.com/uc?id=1ZkakGPA3SUTAGDkd7-M9w0-7SSaun9I0;2;;;;12;2;;нет;1;3,7;;;;4,4;;9,4;1;3;;;;;;;;;;25,8;15;10,8;;;;;;;63400;2840300;Продано;;;30.08.19;;;;
Этто;1;253;1К;;41,5;https://drive.google.com/uc?id=1ZWH7AA9WXL9ScFkpCdsvDV-8G2xCGy3j;1;;;;12;2;;нет;1;3,7;;;;3,7;1;10,8;1;3;;;;;;;;;;17,8;;;;;;;;;60250;2500375;Продано;;;15.08.19;;;;4
Этто;1;254;1К;;41,5;https://drive.google.com/uc?id=1ZWH7AA9WXL9ScFkpCdsvDV-8G2xCGy3j;1;;;;12;2;;нет;1;3,7;;;;3,7;1;10,8;1;3;;;;;;;;;;17,8;;;;;;;;;63250;2624875;Свободно;;;;;;;4
Этто;1;255;1К;;41,8;https://drive.google.com/uc?id=1ckSJtD4nogOvuSMDpH-aYqnA8kuqk8J0;1;;;;12;2;;нет;1;3,7;;;;4,4;;10,8;1;3;;;;;;;;;;21,4;14,7;6,7;;;;;;;63750;2677290;Свободно;;;;;;;
Этто;1;256;2К;;50,5;https://drive.google.com/uc?id=1bYPyLB75h4x3ZY_bsqbPLlJWzvJ1K4dC;2;;;;12;2;;нет;1;3,8;;;;6,9;1;11,4;1;3;;;;;;;;;;25,5;10,6;14,9;;;;;;;68250;3497125;Свободно;;;;;;;1,4
Этто;1;257;3Е;;81,5;https://drive.google.com/uc?id=1pIHl62KAS0IyIAGIdjxuHp2VBX993KMr;3;;;;12;2;;нет;2;4,9;2,4;;;10,6;1;10,7;1;8,8;;;;;;;;;;46,1;13,8;13,8;18,5;;;;;;63500;5244150;Свободно;;;;;;;2,4
Этто;1;258;1C;;33;https://drive.google.com/uc?id=1tXioj1adPThZ3BNUiSz8tmp6VcAwd4YJ;1;;;;12;2;;да;1;3,7;;;;3,8;;4,1;1;3,8;;;;;;;;;;19,5;;;;;;;;;66200;2184600;Продано;;;13.09.19;;;;
Этто;1;259;2Е;;50;https://drive.google.com/uc?id=1ENvMCzwWwFyvRwj6OoQsrJmv4n8Djjhr;2;;;;13;2;;нет;1;4,6;;;;4,5;;7,4;1;3;;;;;;;;;;32;18,3;13,7;;;;;;;61500;3075000;Свободно;;;;;;;
Этто;1;260;2Е;;51,9;https://drive.google.com/uc?id=1u0avWOIIUdWunTRTckyHOhE6FIH0eGa-;2;;;;13;2;;нет;1;4,2;;;;5;;9,3;1;3;;;;;;;;;;31,9;18,2;13,7;;;;;;;60500;3139950;Свободно;;;;;;;
Этто;1;261;2Е;;44,8;https://drive.google.com/uc?id=1ZkakGPA3SUTAGDkd7-M9w0-7SSaun9I0;2;;;;13;2;;нет;1;3,7;;;;4,4;;9,4;1;3;;;;;;;;;;25,8;15;10,8;;;;;;;65500;2945600;Свободно;;;;;;;
Этто;1;262;1К;;41,5;https://drive.google.com/uc?id=1ZWH7AA9WXL9ScFkpCdsvDV-8G2xCGy3j;1;;;;13;2;;нет;1;3,7;;;;3,7;1;10,8;1;3;;;;;;;;;;17,8;;;;;;;;;63500;2635250;Свободно;;;;;;;4
Этто;1;263;1К;;41,5;https://drive.google.com/uc?id=1ZWH7AA9WXL9ScFkpCdsvDV-8G2xCGy3j;1;;;;13;2;;нет;1;3,7;;;;3,7;1;10,8;1;3;;;;;;;;;;17,8;;;;;;;;;63500;2635250;Свободно;;;;;;;4
Этто;1;264;1К;;41,8;https://drive.google.com/uc?id=1ckSJtD4nogOvuSMDpH-aYqnA8kuqk8J0;1;;;;13;2;;нет;1;3,7;;;;4,4;;10,8;1;3;;;;;;;;;;21,4;14,7;6,7;;;;;;;64000;2685650;Свободно;;;;;;;
Этто;1;265;2К;;50,5;https://drive.google.com/uc?id=1bYPyLB75h4x3ZY_bsqbPLlJWzvJ1K4dC;2;;;;13;2;;нет;1;3,8;;;;6,9;1;11,4;1;3;;;;;;;;;;25,5;10,6;14,9;;;;;;;68500;3509750;Бронь;;;;;;;1,4
Этто;1;266;3Е;;81,5;https://drive.google.com/uc?id=1pIHl62KAS0IyIAGIdjxuHp2VBX993KMr;3;;;;13;2;;нет;2;4,9;2,4;;;10,6;1;10,7;1;8,8;;;;;;;;;;46,1;13,8;13,8;18,5;;;;;;64000;5256750;Бронь;;;;;;;2,4
Этто;1;267;1C;;33;https://drive.google.com/uc?id=1tTMIo8WYpgCj_N0r2l8Lz9PiGG1TX311;1;;;;13;2;;да;1;3,7;;;;3,8;;4,1;1;3,8;;;;;;;;;;19,5;;;;;;;;;67500;2235750;Бронь;;;;;;;
Этто;1;268;2Е;;50;https://drive.google.com/uc?id=1ENvMCzwWwFyvRwj6OoQsrJmv4n8Djjhr;2;;;;14;2;;нет;1;4,6;;;;4,5;;7,4;1;3;;;;;;;;;;32;18,3;13,7;;;;;;;61750;3087500;Свободно;;;;;;;
Этто;1;269;2Е;;51,9;https://drive.google.com/uc?id=1u0avWOIIUdWunTRTckyHOhE6FIH0eGa-;2;;;;14;2;;нет;1;4,2;;;;5;;9,3;1;3;;;;;;;;;;31,9;18,2;13,7;;;;;;;60750;3152925;Свободно;;;;;;;
Этто;1;270;2Е;;44,8;https://drive.google.com/uc?id=1ZkakGPA3SUTAGDkd7-M9w0-7SSaun9I0;2;;;;14;2;;нет;1;3,7;;;;4,4;;9,4;1;3;;;;;;;;;;25,8;15;10,8;;;;;;;65750;2954560;Свободно;;;;;;;
Этто;1;271;1К;;41,5;https://drive.google.com/uc?id=1ZWH7AA9WXL9ScFkpCdsvDV-8G2xCGy3j;1;;;;14;2;;нет;1;3,7;;;;3,7;1;10,8;1;3;;;;;;;;;;17,8;;;;;;;;;63750;2645625;Свободно;;;;;;;4
Этто;1;272;1К;;41,5;https://drive.google.com/uc?id=1ZWH7AA9WXL9ScFkpCdsvDV-8G2xCGy3j;1;;;;14;2;;нет;1;3,7;;;;3,7;1;10,8;1;3;;;;;;;;;;17,8;;;;;;;;;63750;2645625;Свободно;;;;;;;4
Этто;1;273;1К;;41,8;https://drive.google.com/uc?id=1ckSJtD4nogOvuSMDpH-aYqnA8kuqk8J0;1;;;;14;2;;нет;1;3,7;;;;4,4;;10,8;1;3;;;;;;;;;;21,4;14,7;6,7;;;;;;;60750;2539350;Продано;;;11.09.19;;;;
Этто;1;274;2К;;50,5;https://drive.google.com/uc?id=1bYPyLB75h4x3ZY_bsqbPLlJWzvJ1K4dC;2;;;;14;2;;нет;1;3,8;;;;6,9;1;11,4;1;3;;;;;;;;;;25,5;10,6;14,9;;;;;;;68750;3471875;Свободно;;;;;;;1,4
Этто;1;275;3Е;;81,5;https://drive.google.com/uc?id=1pIHl62KAS0IyIAGIdjxuHp2VBX993KMr;3;;;;14;2;;нет;2;4,9;2,4;;;10,6;1;10,7;1;8,8;;;;;;;;;;46,1;13,8;13,8;18,5;;;;;;64500;5256750;Свободно;;;;;;;2,4
Этто;1;276;1C;;33;https://drive.google.com/uc?id=1tTMIo8WYpgCj_N0r2l8Lz9PiGG1TX311;1;;;;14;2;;да;1;3,7;;;;3,8;;4,1;1;3,8;;;;;;;;;;19,5;;;;;;;;;67800;2244000;Свободно;;;;;;;
Этто;1;277;2Е;;50;https://drive.google.com/uc?id=1ENvMCzwWwFyvRwj6OoQsrJmv4n8Djjhr;2;;;;15;2;;нет;1;4,6;;;;4,5;;7,4;1;3;;;;;;;;;;32;18,3;13,7;;;;;;;62000;3100000;Свободно;;;;;;;
Этто;1;278;2Е;;51,9;https://drive.google.com/uc?id=1u0avWOIIUdWunTRTckyHOhE6FIH0eGa-;2;;;;15;2;;нет;1;4,2;;;;5;;9,3;1;3;;;;;;;;;;31,9;18,2;13,7;;;;;;;61000;3165900;Продано;;;06.10.19;;;;
Этто;1;279;2Е;;44,8;https://drive.google.com/uc?id=1ZkakGPA3SUTAGDkd7-M9w0-7SSaun9I0;2;;;;15;2;;нет;1;3,7;;;;4,4;;9,4;1;3;;;;;;;;;;25,8;15;10,8;;;;;;;66000;2963520;Свободно;;;;;;;
Этто;1;280;1К;;41,5;https://drive.google.com/uc?id=1ZWH7AA9WXL9ScFkpCdsvDV-8G2xCGy3j;1;;;;15;2;;нет;1;3,7;;;;3,7;1;10,8;1;3;;;;;;;;;;17,8;;;;;;;;;64000;2656000;Свободно;;;;;;;4
Этто;1;281;1К;;41,5;https://drive.google.com/uc?id=1ZWH7AA9WXL9ScFkpCdsvDV-8G2xCGy3j;1;;;;15;2;;нет;1;3,7;;;;3,7;1;10,8;1;3;;;;;;;;;;17,8;;;;;;;;;64000;2656000;Свободно;;;;;;;4
Этто;1;282;1К;;41,8;https://drive.google.com/uc?id=1ckSJtD4nogOvuSMDpH-aYqnA8kuqk8J0;1;;;;15;2;;нет;1;3,7;;;;4,4;;10,8;1;3;;;;;;;;;;21,4;14,7;6,7;;;;;;;64500;2702370;Свободно;;;;;;;
Этто;1;283;2К;;50,5;https://drive.google.com/uc?id=1bYPyLB75h4x3ZY_bsqbPLlJWzvJ1K4dC;2;;;;15;2;;нет;1;3,8;;;;6,9;1;11,4;1;3;;;;;;;;;;25,5;10,6;14,9;;;;;;;69000;3535000;Бронь;;;;;;;1,4
Этто;1;284;3Е;;81,5;https://drive.google.com/uc?id=1pIHl62KAS0IyIAGIdjxuHp2VBX993KMr;3;;;;15;2;;нет;2;4,9;2,4;;;10,6;1;10,7;1;8,8;;;;;;;;;;46,1;13,8;13,8;18,5;;;;;;65000;5321950;Свободно;;;;;;;2,4
Этто;1;285;1C;;33;https://drive.google.com/uc?id=1tTMIo8WYpgCj_N0r2l8Lz9PiGG1TX311;1;;;;15;2;;да;1;3,7;;;;3,8;;4,1;1;3,8;;;;;;;;;;19,5;;;;;;;;;68100;2252250;Свободно;;;;;;;
Этто;1;286;2Е;;50;https://drive.google.com/uc?id=1ENvMCzwWwFyvRwj6OoQsrJmv4n8Djjhr;2;;;;16;2;;нет;1;4,6;;;;4,5;;7,4;1;3;;;;;;;;;;32;18,3;13,7;;;;;;;62250;3112500;Свободно;;;;;;;
Этто;1;287;2Е;;51,9;https://drive.google.com/uc?id=1u0avWOIIUdWunTRTckyHOhE6FIH0eGa-;2;;;;16;2;;нет;1;4,2;;;;5;;9,3;1;3;;;;;;;;;;31,9;18,2;13,7;;;;;;;61250;3178875;Свободно;;;;;;;
Этто;1;288;2Е;;44,8;https://drive.google.com/uc?id=1ZkakGPA3SUTAGDkd7-M9w0-7SSaun9I0;2;;;;16;2;;нет;1;3,7;;;;4,4;;9,4;1;3;;;;;;;;;;25,8;15;10,8;;;;;;;66250;2972480;Свободно;;;;;;;
Этто;1;289;1К;;41,5;https://drive.google.com/uc?id=1ZWH7AA9WXL9ScFkpCdsvDV-8G2xCGy3j;1;;;;16;2;;нет;1;3,7;;;;3,7;1;10,8;1;3;;;;;;;;;;17,8;;;;;;;;;64250;2666375;Свободно;;;;;;;4
Этто;1;290;1К;;41,5;https://drive.google.com/uc?id=1ZWH7AA9WXL9ScFkpCdsvDV-8G2xCGy3j;1;;;;16;2;;нет;1;3,7;;;;3,7;1;10,8;1;3;;;;;;;;;;17,8;;;;;;;;;64250;2666375;Свободно;;;;;;;4
Этто;1;291;1К;;41,8;https://drive.google.com/uc?id=1ckSJtD4nogOvuSMDpH-aYqnA8kuqk8J0;1;;;;16;2;;нет;1;3,7;;;;4,4;;10,8;1;3;;;;;;;;;;21,4;14,7;6,7;;;;;;;64750;2706550;Свободно;;;;;;;
Этто;1;292;2К;;50,5;https://drive.google.com/uc?id=1bYPyLB75h4x3ZY_bsqbPLlJWzvJ1K4dC;2;;;;16;2;;нет;1;3,8;;;;6,9;1;11,4;1;3;;;;;;;;;;25,5;10,6;14,9;;;;;;;69250;3547625;Бронь;;;;;;;1,4
Этто;1;293;3Е;;81,5;https://drive.google.com/uc?id=1pIHl62KAS0IyIAGIdjxuHp2VBX993KMr;3;;;;16;2;;нет;2;4,9;2,4;;;10,6;1;10,7;1;8,8;;;;;;;;;;46,1;13,8;13,8;18,5;;;;;;65500;5354550;Свободно;;;;;;;2,4
Этто;1;294;1C;;33;https://drive.google.com/uc?id=1tTMIo8WYpgCj_N0r2l8Lz9PiGG1TX311;1;;;;16;2;;да;1;3,7;;;;3,8;;4,1;1;3,8;;;;;;;;;;19,5;;;;;;;;;68400;2260500;Свободно;;;;;;;
Этто;1;295;2Е;;50;https://drive.google.com/uc?id=1ENvMCzwWwFyvRwj6OoQsrJmv4n8Djjhr;2;;;;17;2;;нет;1;4,6;;;;4,5;;7,4;1;3;;;;;;;;;;32;18,3;13,7;;;;;;;62500;3125000;Свободно;;;;;;;
Этто;1;296;2Е;;51,9;https://drive.google.com/uc?id=1u0avWOIIUdWunTRTckyHOhE6FIH0eGa-;2;;;;17;2;;нет;1;4,2;;;;5;;9,3;1;3;;;;;;;;;;31,9;18,2;13,7;;;;;;;61500;3191850;Свободно;;;;;;;
Этто;1;297;2Е;;44,8;https://drive.google.com/uc?id=1ZkakGPA3SUTAGDkd7-M9w0-7SSaun9I0;2;;;;17;2;;нет;1;3,7;;;;4,4;;9,4;1;3;;;;;;;;;;25,8;15;10,8;;;;;;;66500;2981440;Свободно;;;;;;;
Этто;1;298;1К;;41,5;https://drive.google.com/uc?id=1ZWH7AA9WXL9ScFkpCdsvDV-8G2xCGy3j;1;;;;17;2;;нет;1;3,7;;;;3,7;1;10,8;1;3;;;;;;;;;;17,8;;;;;;;;;64500;2676750;Свободно;;;;;;;4
Этто;1;299;1К;;41,5;https://drive.google.com/uc?id=1ZWH7AA9WXL9ScFkpCdsvDV-8G2xCGy3j;1;;;;17;2;;нет;1;3,7;;;;3,7;1;10,8;1;3;;;;;;;;;;17,8;;;;;;;;;64500;2676750;Свободно;;;;;;;4
Этто;1;300;1К;;41,8;https://drive.google.com/uc?id=1ckSJtD4nogOvuSMDpH-aYqnA8kuqk8J0;1;;;;17;2;;нет;1;3,7;;;;4,4;;10,8;1;3;;;;;;;;;;21,4;14,7;6,7;;;;;;;61500;2570700;Продано;;;11.09.19;;;;
Этто;1;301;2К;;50,5;https://drive.google.com/uc?id=1bYPyLB75h4x3ZY_bsqbPLlJWzvJ1K4dC;2;;;;17;2;;нет;1;3,8;;;;6,9;1;11,4;1;3;;;;;;;;;;25,5;10,6;14,9;;;;;;;69500;3560250;Свободно;;;;;;;1,4
Этто;1;302;3Е;;81,5;https://drive.google.com/uc?id=1pIHl62KAS0IyIAGIdjxuHp2VBX993KMr;3;;;;17;2;;нет;2;4,9;2,4;;;10,6;1;10,7;1;8,8;;;;;;;;;;46,1;13,8;13,8;18,5;;;;;;66000;5387150;Бронь;;;;;;;2,4
Этто;1;303;1C;;33;https://drive.google.com/uc?id=1tTMIo8WYpgCj_N0r2l8Lz9PiGG1TX311;1;;;;17;2;;да;1;3,7;;;;3,8;;4,1;1;3,8;;;;;;;;;;19,5;;;;;;;;;68700;2268750;Свободно;;;;;;;
Этто;1;304;2Е;;50;https://drive.google.com/uc?id=1ENvMCzwWwFyvRwj6OoQsrJmv4n8Djjhr;2;;;;18;2;;нет;1;4,6;;;;4,5;;7,4;1;3;;;;;;;;;;32;18,3;13,7;;;;;;;62750;3137500;Свободно;;;;;;;
Этто;1;305;2Е;;51,9;https://drive.google.com/uc?id=1u0avWOIIUdWunTRTckyHOhE6FIH0eGa-;2;;;;18;2;;нет;1;4,2;;;;5;;9,3;1;3;;;;;;;;;;31,9;18,2;13,7;;;;;;;61750;3204825;Свободно;;;;;;;
Этто;1;306;2Е;;44,8;https://drive.google.com/uc?id=1ZkakGPA3SUTAGDkd7-M9w0-7SSaun9I0;2;;;;18;2;;нет;1;3,7;;;;4,4;;9,4;1;3;;;;;;;;;;25,8;15;10,8;;;;;;;61750;2766400;Продано;;;04.07.19;;;;
Этто;1;307;1К;;41,5;https://drive.google.com/uc?id=1ZWH7AA9WXL9ScFkpCdsvDV-8G2xCGy3j;1;;;;18;2;;нет;1;3,7;;;;3,7;1;10,8;1;3;;;;;;;;;;17,8;;;;;;;;;64750;2687125;Свободно;;;;;;;4
Этто;1;308;1К;;41,5;https://drive.google.com/uc?id=1ZWH7AA9WXL9ScFkpCdsvDV-8G2xCGy3j;1;;;;18;2;;нет;1;3,7;;;;3,7;1;10,8;1;3;;;;;;;;;;17,8;;;;;;;;;64750;2687125;Свободно;;;;;;;4
Этто;1;309;1К;;41,8;https://drive.google.com/uc?id=1ckSJtD4nogOvuSMDpH-aYqnA8kuqk8J0;1;;;;18;2;;нет;1;3,7;;;;4,4;;10,8;1;3;;;;;;;;;;21,4;14,7;6,7;;;;;;;65250;2727450;Свободно;;;;;;;
Этто;1;310;2К;;50,5;https://drive.google.com/uc?id=1bYPyLB75h4x3ZY_bsqbPLlJWzvJ1K4dC;2;;;;18;2;;нет;1;3,8;;;;6,9;1;11,4;1;3;;;;;;;;;;25,5;10,6;14,9;;;;;;;69750;3522375;Продано;;;04.09.19;;;;1,4
Этто;1;311;3Е;;81,5;https://drive.google.com/uc?id=1pIHl62KAS0IyIAGIdjxuHp2VBX993KMr;3;;;;18;2;;нет;2;4,9;2,4;;;10,6;1;10,7;1;8,8;;;;;;;;;;46,1;13,8;13,8;18,5;;;;;;60500;4930750;Продано;;;16.07.19;;;;2,4
Этто;1;312;1C;;33;https://drive.google.com/uc?id=1tTMIo8WYpgCj_N0r2l8Lz9PiGG1TX311;1;;;;18;2;;да;1;3,7;;;;3,8;;4,1;1;3,8;;;;;;;;;;19,5;;;;;;;;;69000;2277000;Свободно;;;;;;;
Этто;1;313;2Е;;50;https://drive.google.com/uc?id=1ENvMCzwWwFyvRwj6OoQsrJmv4n8Djjhr;2;;;;19;2;;нет;1;4,6;;;;4,5;;7,4;1;3;;;;;;;;;;32;18,3;13,7;;;;;;;67000;3350000;Свободно;;;;;;;
Этто;1;314;2Е;;51,9;https://drive.google.com/uc?id=1u0avWOIIUdWunTRTckyHOhE6FIH0eGa-;2;;;;19;2;;нет;1;4,2;;;;5;;9,3;1;3;;;;;;;;;;31,9;18,2;13,7;;;;;;;66000;3425400;Свободно;;;;;;;
Этто;1;315;2Е;;44,8;https://drive.google.com/uc?id=1ZkakGPA3SUTAGDkd7-M9w0-7SSaun9I0;2;;;;19;2;;нет;1;3,7;;;;4,4;;9,4;1;3;;;;;;;;;;25,8;15;10,8;;;;;;;70000;3136000;Свободно;;;;;;;
Этто;1;316;1К;;41,5;https://drive.google.com/uc?id=1ZWH7AA9WXL9ScFkpCdsvDV-8G2xCGy3j;1;;;;19;2;;нет;1;3,7;;;;3,7;1;10,8;1;3;;;;;;;;;;17,8;;;;;;;;;68000;2822000;Свободно;;;;;;;4
Этто;1;317;1К;;41,5;https://drive.google.com/uc?id=1ZWH7AA9WXL9ScFkpCdsvDV-8G2xCGy3j;1;;;;19;2;;нет;1;3,7;;;;3,7;1;10,8;1;3;;;;;;;;;;17,8;;;;;;;;;68000;2822000;Свободно;;;;;;;4
Этто;1;318;1К;;41,8;https://drive.google.com/uc?id=1ckSJtD4nogOvuSMDpH-aYqnA8kuqk8J0;1;;;;19;2;;нет;1;3,7;;;;4,4;;10,8;1;3;;;;;;;;;;21,4;14,7;6,7;;;;;;;68500;2863300;Свободно;;;;;;;
Этто;1;319;2К;;50,5;https://drive.google.com/uc?id=1bYPyLB75h4x3ZY_bsqbPLlJWzvJ1K4dC;2;;;;19;2;;нет;1;3,8;;;;6,9;1;11,4;1;3;;;;;;;;;;25,5;10,6;14,9;;;;;;;73000;3686500;Свободно;;;;;;;1,4
Этто;1;320;3Е;;81,5;https://drive.google.com/uc?id=1pIHl62KAS0IyIAGIdjxuHp2VBX993KMr;3;;;;19;2;;нет;2;4,9;2,4;;;10,6;1;10,7;1;8,8;;;;;;;;;;46,1;13,8;13,8;18,5;;;;;;70000;5705000;Свободно;;;;;;;2,4
Этто;1;321;1C;;33;https://drive.google.com/uc?id=1tTMIo8WYpgCj_N0r2l8Lz9PiGG1TX311;1;;;;19;2;;да;1;3,7;;;;3,8;;4,1;1;3,8;;;;;;;;;;19,5;;;;;;;;;72300;2385900;Свободно;;;;;;;
Этто;1;322;2Е;;50;https://drive.google.com/uc?id=1ENvMCzwWwFyvRwj6OoQsrJmv4n8Djjhr;2;;;;20;2;;нет;1;4,6;;;;4,5;;7,4;1;3;;;;;;;;;;32;18,3;13,7;;;;;;;67000;3350000;Свободно;;;;;;;
Этто;1;323;4К;;133;https://drive.google.com/uc?id=12iWDmK8lhJCuWyM_7GsJYeELBC_QuoBm;4;;;;20;2;;нет;2;3,7;4,2;;;11,4;1;20,15;2;3;3;;;;94,3;;;;;55;17,5;11,9;25,6;;;;;;65000;8645000;Свободно;;;;;;;2
Этто;1;324;3Е;;83;https://drive.google.com/uc?id=1_cgKjLtW7BUgUKsXTDtrWZ3oeJw5of0D;3;;;;20;2;;нет;2;3,8;1,6;;;11,8;;17;2;3;3;;;;;;;;;45,8;22,6;14,2;9;;;;;;70000;5810000;Свободно;;;;;;;
Этто;1;325;4Е;;142,8;https://drive.google.com/uc?id=1sHGpoZ_Emt_d0ZIr448lsA-hM35J82OR;4;;;;20;2;;нет;3;3,8;3,7;5,8;;16;;29,6;1;3;;;;;99;;;;;48;22;15;11;;;;;;65000;9282000;Продано;;;18.06.19;;;;