Проект;Номер дома;Номер квартиры;Тип планировки;Тип планировки 2;Общая площадь, кв,м,;Ссылка на планировку;Комнатность;Тип;Паркинг;Вид из окна;Этаж;Секция;Линия;Студия;Количество сан узлов;Размер сан узла №1;Размер сан узла №2;Размер сан узла №3;Размер сан узла №4;Размер коридора;Гардеробная;Кухня;Количество балконов;Размер балкона №1;Размер балкона №2;Размер балкона №3;Размер балкона №4;Размер балкона №5;Терраса №1;Терраса №2;Терраса №3;Терраса №4;Терраса №5;Жилая площадь за кв,м,;Размер второй комнаты;Размер третьей комнаты;Размер четвертой комнаты;Размер 5 комнаты;Размер 6 комнаты;Размер 7 комнаты;Размер 8 комнаты;Размер 9 комнаты;Ценазакв,м,;Ценазапомещение,тг.;Статус;Дополнительный статус;Дата старта продаж;Дата продажи;ProfitbaseId;ProfitbaseHomeId;ComplexId;Площадь гардеробной1;Площадь гардеробной2;Площадь гардеробной3;Площадь гардеробной4;Совмещенный санузел;Высота потолков;Акция;Угловая;Над проходом
ЖК Яркий;2;1;2 Е;;48,6;https://drive.google.com/uc?id=1o0uH4jT10V4UBh7Fc6OH3cZiR8uIkaMF;2;квартира;;;1;1;;нет;;4,3;;;;7,2;;9,8;;;;;;;;;;;;16,8;10,5;;;;;;;;;;Свободно;;;;5659197;;;;;;;;;;Да;Нет
ЖК Яркий;2;2;СТ Г;;31,7;https://drive.google.com/uc?id=1aSns6NDs5TXhNTNqtxN6ZJTRD0GbhEEG;0;квартира;;;1;1;;да;;3,9;;;;5;;;;;;;;;;;;;;22,8;;;;;;;;;;;Свободно;;;;5659198;;;;;;;;;;Нет;Нет
ЖК Яркий;2;3;2 Б;;36,2;https://drive.google.com/uc?id=1NueU_6ny8urxhom8eAC6YXkOL8fsJxku;2;квартира;;;1;1;;нет;;4,6;;;;6,6;;;;;;;;;;;;;;16,1;8,9;;;;;;;;;;Свободно;;;;5659199;;;;;;;;;;Нет;Нет
ЖК Яркий;2;4;2 В;;42,5;https://drive.google.com/uc?id=1aLGvXuiu1JT1zG_AVKy8xTvrOaaAJbsh;2;квартира;;;1;1;;нет;;4,3;;;;5,6;;;;;;;;;;;;;;18,2;14,4;;;;;;;;;;Свободно;;;;5659200;;;;;;;;;;Нет;Нет
ЖК Яркий;2;5;2 А;;33,5;https://drive.google.com/uc?id=16_MWLgMVqmAMJh1uf3BfvmZM-Zn6y3Jh;2;квартира;;;2;1;;нет;;4;;;;3,7;;;;;;;;;;;;;;16,8;9;;;;;;;;;;Свободно;;;;5659201;;;;;;;;;;Нет;Нет
ЖК Яркий;2;6;2 Ж;;49;https://drive.google.com/uc?id=1KlOcJtGu2Qw_TAouH8CB8uBzSOEo2jpI;2;квартира;;;2;1;;нет;;3,8;;;;7,2;;9,8;;0,9;;;;;;;;;;16,8;10,5;;;;;;;;;;Свободно;;;;5659202;;;;;;;;;;Нет;Нет
ЖК Яркий;2;7;СТ В;;28,8;https://drive.google.com/uc?id=1RWi3pf00llftC7ghiudnzkBP8MbhAClI;0;квартира;;;2;1;;да;;3,2;;;;4,6;;;;;;;;;;;;;;21;;;;;;;;;;;Свободно;;;;5659203;;;;;;;;;;Нет;Нет
ЖК Яркий;2;8;СТ Б;;28,8;https://drive.google.com/uc?id=1RlwNdxrTi6bL8i_vbgXWpTu1r6oFGww5;0;квартира;;;2;1;;да;;3,2;;;;4,6;;;;;;;;;;;;;;21;;;;;;;;;;;Свободно;;;;5659204;;;;;;;;;;Нет;Нет
ЖК Яркий;2;9;2 Д;;48,1;https://drive.google.com/uc?id=1c7GQC5zBXbjyVMob6A_jFQzRjfjj__EJ;2;квартира;;;2;1;;нет;;3,8;;;;7,2;;9,8;;;;;;;;;;;;16,8;10,5;;;;;;;;;;Свободно;;;;5659205;;;;;;;;;;Да;Нет
ЖК Яркий;2;10;СТ Д;;32,3;https://drive.google.com/uc?id=1-f0o1jUzeS07JB65weHOxOjZnwLYy6GJ;0;квартира;;;2;1;;да;;3,9;;;;5;;;;1,1;;;;;;;;;;22,3;;;;;;;;;;;Свободно;;;;5659206;;;;;;;;;;Нет;Нет
ЖК Яркий;2;11;СТ А;;22,1;https://drive.google.com/uc?id=14gwHwEqAHu-Dno8kIZoI_qtmAV1PeDkt;0;квартира;;;2;1;;да;;3,1;;;;2,5;;;;;;;;;;;;;;16,5;;;;;;;;;;;Не для продажи;;;;5659207;;;;;;;;;;Нет;Нет
ЖК Яркий;2;12;2 Г;;45,5;https://drive.google.com/uc?id=1FrAq8kwLwcM4aaC_LFnfKr_OPyEVbPc2;2;квартира;;;2;1;;нет;;4,7;;;;8,7;;;;1,1;;;;;;;;;;16,3;14,7;;;;;;;;;;Свободно;;;;5659208;;;;;;;;;;Нет;Нет
ЖК Яркий;2;13;1 А;;35,2;https://drive.google.com/uc?id=11W1MVzryvo4zyEcp4iCv5CQLMy2gjKVg;1;квартира;;;2;1;;нет;;3,4;;;;6,4;;7;;0,8;;;;;;;;;;17,6;;;;;;;;;;;Свободно;;;;5659209;;;;;;;;;;Нет;Нет
ЖК Яркий;2;14;2 А;;33,5;https://drive.google.com/uc?id=16_MWLgMVqmAMJh1uf3BfvmZM-Zn6y3Jh;2;квартира;;;3;1;;нет;;4;;;;3,7;;;;;;;;;;;;;;16,8;9;;;;;;;;;;Свободно;;;;5659210;;;;;;;;;;Нет;Нет
ЖК Яркий;2;15;2 Ж;;49;https://drive.google.com/uc?id=1KlOcJtGu2Qw_TAouH8CB8uBzSOEo2jpI;2;квартира;;;3;1;;нет;;3,8;;;;7,2;;9,8;;0,9;;;;;;;;;;16,8;10,5;;;;;;;;;;Свободно;;;;5659211;;;;;;;;;;Нет;Нет
ЖК Яркий;2;16;СТ В;;28,8;https://drive.google.com/uc?id=1RWi3pf00llftC7ghiudnzkBP8MbhAClI;0;квартира;;;3;1;;да;;3,2;;;;4,6;;;;;;;;;;;;;;21;;;;;;;;;;;Свободно;;;;5659212;;;;;;;;;;Нет;Нет
ЖК Яркий;2;17;СТ Б;;28,8;https://drive.google.com/uc?id=1RlwNdxrTi6bL8i_vbgXWpTu1r6oFGww5;0;квартира;;;3;1;;да;;3,2;;;;4,6;;;;;;;;;;;;;;21;;;;;;;;;;;Свободно;;;;5659213;;;;;;;;;;Нет;Нет
ЖК Яркий;2;18;2 Д;;48,1;https://drive.google.com/uc?id=1c7GQC5zBXbjyVMob6A_jFQzRjfjj__EJ;2;квартира;;;3;1;;нет;;3,8;;;;7,2;;9,8;;;;;;;;;;;;16,8;10,5;;;;;;;;;;Свободно;;;;5659214;;;;;;;;;;Да;Нет
ЖК Яркий;2;19;СТ Д;;32,3;https://drive.google.com/uc?id=1-f0o1jUzeS07JB65weHOxOjZnwLYy6GJ;0;квартира;;;3;1;;да;;3,9;;;;5;;;;1,1;;;;;;;;;;22,3;;;;;;;;;;;Свободно;;;;5659215;;;;;;;;;;Нет;Нет
ЖК Яркий;2;20;СТ А;;22,1;https://drive.google.com/uc?id=14gwHwEqAHu-Dno8kIZoI_qtmAV1PeDkt;0;квартира;;;3;1;;да;;3,1;;;;2,5;;;;;;;;;;;;;;16,5;;;;;;;;;;;Не для продажи;;;;5659216;;;;;;;;;;Нет;Нет
ЖК Яркий;2;21;2 Г;;45,5;https://drive.google.com/uc?id=1FrAq8kwLwcM4aaC_LFnfKr_OPyEVbPc2;2;квартира;;;3;1;;нет;;4,7;;;;8,7;;;;1,1;;;;;;;;;;16,3;14,7;;;;;;;;;;Свободно;;;;5659217;;;;;;;;;;Нет;Нет
ЖК Яркий;2;22;1 А;;35,2;https://drive.google.com/uc?id=11W1MVzryvo4zyEcp4iCv5CQLMy2gjKVg;1;квартира;;;3;1;;нет;;3,4;;;;6,4;;7;;0,8;;;;;;;;;;17,6;;;;;;;;;;;Свободно;;;;5659218;;;;;;;;;;Нет;Нет
ЖК Яркий;2;23;2 А;;33,5;https://drive.google.com/uc?id=16_MWLgMVqmAMJh1uf3BfvmZM-Zn6y3Jh;2;квартира;;;4;1;;нет;;4;;;;3,7;;;;;;;;;;;;;;16,8;9;;;;;;;;;;Не для продажи;;;;5659219;;;;;;;;;;Нет;Нет
ЖК Яркий;2;24;2 Ж;;49;https://drive.google.com/uc?id=1KlOcJtGu2Qw_TAouH8CB8uBzSOEo2jpI;2;квартира;;;4;1;;нет;;3,8;;;;7,2;;9,8;;0,9;;;;;;;;;;16,8;10,5;;;;;;;;;;Не для продажи;;;;5659220;;;;;;;;;;Нет;Нет
ЖК Яркий;2;25;СТ В;;28,8;https://drive.google.com/uc?id=1RWi3pf00llftC7ghiudnzkBP8MbhAClI;0;квартира;;;4;1;;да;;3,2;;;;4,6;;;;;;;;;;;;;;21;;;;;;;;;;;Не для продажи;;;;5659221;;;;;;;;;;Нет;Нет
ЖК Яркий;2;26;СТ Б;;28,8;https://drive.google.com/uc?id=1RlwNdxrTi6bL8i_vbgXWpTu1r6oFGww5;0;квартира;;;4;1;;да;;3,2;;;;4,6;;;;;;;;;;;;;;21;;;;;;;;;;;Не для продажи;;;;5659222;;;;;;;;;;Нет;Нет
ЖК Яркий;2;27;2 Д;;48,1;https://drive.google.com/uc?id=1c7GQC5zBXbjyVMob6A_jFQzRjfjj__EJ;2;квартира;;;4;1;;нет;;3,8;;;;7,2;;9,8;;;;;;;;;;;;16,8;10,5;;;;;;;;;;Не для продажи;;;;5659223;;;;;;;;;;Да;Нет
ЖК Яркий;2;28;СТ Д;;32,3;https://drive.google.com/uc?id=1-f0o1jUzeS07JB65weHOxOjZnwLYy6GJ;0;квартира;;;4;1;;да;;3,9;;;;5;;;;1,1;;;;;;;;;;22,3;;;;;;;;;;;Не для продажи;;;;5659224;;;;;;;;;;Нет;Нет
ЖК Яркий;2;29;СТ А;;22,1;https://drive.google.com/uc?id=14gwHwEqAHu-Dno8kIZoI_qtmAV1PeDkt;0;квартира;;;4;1;;да;;3,1;;;;2,5;;;;;;;;;;;;;;16,5;;;;;;;;;;;Не для продажи;;;;5659225;;;;;;;;;;Нет;Нет
ЖК Яркий;2;30;2 Г;;45,5;https://drive.google.com/uc?id=1FrAq8kwLwcM4aaC_LFnfKr_OPyEVbPc2;2;квартира;;;4;1;;нет;;4,7;;;;8,7;;;;1,1;;;;;;;;;;16,3;14,7;;;;;;;;;;Не для продажи;;;;5659226;;;;;;;;;;Нет;Нет
ЖК Яркий;2;31;1 А;;35,2;https://drive.google.com/uc?id=11W1MVzryvo4zyEcp4iCv5CQLMy2gjKVg;1;квартира;;;4;1;;нет;;3,4;;;;6,4;;7;;0,8;;;;;;;;;;17,6;;;;;;;;;;;Не для продажи;;;;5659227;;;;;;;;;;Нет;Нет
ЖК Яркий;2;32;2 А;;33,5;https://drive.google.com/uc?id=16_MWLgMVqmAMJh1uf3BfvmZM-Zn6y3Jh;2;квартира;;;5;1;;нет;;4;;;;3,7;;;;;;;;;;;;;;16,8;9;;;;;;;;;;Не для продажи;;;;5659228;;;;;;;;;;Нет;Нет
ЖК Яркий;2;33;2 Ж;;49;https://drive.google.com/uc?id=1KlOcJtGu2Qw_TAouH8CB8uBzSOEo2jpI;2;квартира;;;5;1;;нет;;3,8;;;;7,2;;9,8;;0,9;;;;;;;;;;16,8;10,5;;;;;;;;;;Не для продажи;;;;5659229;;;;;;;;;;Нет;Нет
ЖК Яркий;2;34;СТ В;;28,8;https://drive.google.com/uc?id=1RWi3pf00llftC7ghiudnzkBP8MbhAClI;0;квартира;;;5;1;;да;;3,2;;;;4,6;;;;;;;;;;;;;;21;;;;;;;;;;;Не для продажи;;;;5659230;;;;;;;;;;Нет;Нет
ЖК Яркий;2;35;СТ Б;;28,8;https://drive.google.com/uc?id=1RlwNdxrTi6bL8i_vbgXWpTu1r6oFGww5;0;квартира;;;5;1;;да;;3,2;;;;4,6;;;;;;;;;;;;;;21;;;;;;;;;;;Не для продажи;;;;5659231;;;;;;;;;;Нет;Нет
ЖК Яркий;2;36;2 Д;;48,1;https://drive.google.com/uc?id=1c7GQC5zBXbjyVMob6A_jFQzRjfjj__EJ;2;квартира;;;5;1;;нет;;3,8;;;;7,2;;9,8;;;;;;;;;;;;16,8;10,5;;;;;;;;;;Не для продажи;;;;5659232;;;;;;;;;;Да;Нет
ЖК Яркий;2;37;СТ Д;;32,3;https://drive.google.com/uc?id=1-f0o1jUzeS07JB65weHOxOjZnwLYy6GJ;0;квартира;;;5;1;;да;;3,9;;;;5;;;;1,1;;;;;;;;;;22,3;;;;;;;;;;;Не для продажи;;;;5659233;;;;;;;;;;Нет;Нет
ЖК Яркий;2;38;СТ А;;22,1;https://drive.google.com/uc?id=14gwHwEqAHu-Dno8kIZoI_qtmAV1PeDkt;0;квартира;;;5;1;;да;;3,1;;;;2,5;;;;;;;;;;;;;;16,5;;;;;;;;;;;Не для продажи;;;;5659234;;;;;;;;;;Нет;Нет
ЖК Яркий;2;39;2 Г;;45,5;https://drive.google.com/uc?id=1FrAq8kwLwcM4aaC_LFnfKr_OPyEVbPc2;2;квартира;;;5;1;;нет;;4,7;;;;8,7;;;;1,1;;;;;;;;;;16,3;14,7;;;;;;;;;;Не для продажи;;;;5659235;;;;;;;;;;Нет;Нет
ЖК Яркий;2;40;1 А;;35,2;https://drive.google.com/uc?id=11W1MVzryvo4zyEcp4iCv5CQLMy2gjKVg;1;квартира;;;5;1;;нет;;3,4;;;;6,4;;7;;0,8;;;;;;;;;;17,6;;;;;;;;;;;Не для продажи;;;;5659236;;;;;;;;;;Нет;Нет
ЖК Яркий;2;41;2 А;;33,5;https://drive.google.com/uc?id=16_MWLgMVqmAMJh1uf3BfvmZM-Zn6y3Jh;2;квартира;;;6;1;;нет;;4;;;;3,7;;;;;;;;;;;;;;16,8;9;;;;;;;;;;Свободно;;;;5659237;;;;;;;;;;Нет;Нет
ЖК Яркий;2;42;2 Ж;;49;https://drive.google.com/uc?id=1KlOcJtGu2Qw_TAouH8CB8uBzSOEo2jpI;2;квартира;;;6;1;;нет;;3,8;;;;7,2;;9,8;;0,9;;;;;;;;;;16,8;10,5;;;;;;;;;;Оформление документов;;;10.01.20;5659238;;;;;;;;;;Нет;Нет
ЖК Яркий;2;43;СТ В;;28,8;https://drive.google.com/uc?id=1RWi3pf00llftC7ghiudnzkBP8MbhAClI;0;квартира;;;6;1;;да;;3,2;;;;4,6;;;;;;;;;;;;;;21;;;;;;;;;;;Свободно;;;;5659239;;;;;;;;;;Нет;Нет
ЖК Яркий;2;44;СТ Б;;28,8;https://drive.google.com/uc?id=1RlwNdxrTi6bL8i_vbgXWpTu1r6oFGww5;0;квартира;;;6;1;;да;;3,2;;;;4,6;;;;;;;;;;;;;;21;;;;;;;;;;;Свободно;;;;5659240;;;;;;;;;;Нет;Нет
ЖК Яркий;2;45;2 Д;;48,1;https://drive.google.com/uc?id=1c7GQC5zBXbjyVMob6A_jFQzRjfjj__EJ;2;квартира;;;6;1;;нет;;3,8;;;;7,2;;9,8;;;;;;;;;;;;16,8;10,5;;;;;;;;;;Свободно;;;;5659241;;;;;;;;;;Да;Нет
ЖК Яркий;2;46;СТ Д;;32,3;https://drive.google.com/uc?id=1-f0o1jUzeS07JB65weHOxOjZnwLYy6GJ;0;квартира;;;6;1;;да;;3,9;;;;5;;;;1,1;;;;;;;;;;22,3;;;;;;;;;;;Свободно;;;;5659242;;;;;;;;;;Нет;Нет
ЖК Яркий;2;47;СТ А;;22,1;https://drive.google.com/uc?id=14gwHwEqAHu-Dno8kIZoI_qtmAV1PeDkt;0;квартира;;;6;1;;да;;3,1;;;;2,5;;;;;;;;;;;;;;16,5;;;;;;;;;;;Не для продажи;;;;5659243;;;;;;;;;;Нет;Нет
ЖК Яркий;2;48;2 Г;;45,5;https://drive.google.com/uc?id=1FrAq8kwLwcM4aaC_LFnfKr_OPyEVbPc2;2;квартира;;;6;1;;нет;;4,7;;;;8,7;;;;1,1;;;;;;;;;;16,3;14,7;;;;;;;;;;Свободно;;;;5659244;;;;;;;;;;Нет;Нет
ЖК Яркий;2;49;1 А;;35,2;https://drive.google.com/uc?id=11W1MVzryvo4zyEcp4iCv5CQLMy2gjKVg;1;квартира;;;6;1;;нет;;3,4;;;;6,4;;7;;0,8;;;;;;;;;;17,6;;;;;;;;;;;Бронь;;;10.01.20;5659245;;;;;;;;;;Нет;Нет
ЖК Яркий;2;50;2 А;;33,5;https://drive.google.com/uc?id=16_MWLgMVqmAMJh1uf3BfvmZM-Zn6y3Jh;2;квартира;;;7;1;;нет;;4;;;;3,7;;;;;;;;;;;;;;16,8;9;;;;;;;;;;Оформление документов;;;10.01.20;5659246;;;;;;;;;;Нет;Нет
ЖК Яркий;2;51;2 Ж;;49;https://drive.google.com/uc?id=1KlOcJtGu2Qw_TAouH8CB8uBzSOEo2jpI;2;квартира;;;7;1;;нет;;3,8;;;;7,2;;9,8;;0,9;;;;;;;;;;16,8;10,5;;;;;;;;;;Свободно;;;;5659247;;;;;;;;;;Нет;Нет
ЖК Яркий;2;52;СТ В;;28,8;https://drive.google.com/uc?id=1RWi3pf00llftC7ghiudnzkBP8MbhAClI;0;квартира;;;7;1;;да;;3,2;;;;4,6;;;;;;;;;;;;;;21;;;;;;;;;;;Свободно;;;;5659248;;;;;;;;;;Нет;Нет
ЖК Яркий;2;53;СТ Б;;28,8;https://drive.google.com/uc?id=1RlwNdxrTi6bL8i_vbgXWpTu1r6oFGww5;0;квартира;;;7;1;;да;;3,2;;;;4,6;;;;;;;;;;;;;;21;;;;;;;;;;;Свободно;;;;5659249;;;;;;;;;;Нет;Нет
ЖК Яркий;2;54;2 Д;;48,1;https://drive.google.com/uc?id=1c7GQC5zBXbjyVMob6A_jFQzRjfjj__EJ;2;квартира;;;7;1;;нет;;3,8;;;;7,2;;9,8;;;;;;;;;;;;16,8;10,5;;;;;;;;;;Свободно;;;;5659250;;;;;;;;;;Да;Нет
ЖК Яркий;2;55;СТ Д;;32,3;https://drive.google.com/uc?id=1-f0o1jUzeS07JB65weHOxOjZnwLYy6GJ;0;квартира;;;7;1;;да;;3,9;;;;5;;;;1,1;;;;;;;;;;22,3;;;;;;;;;;;Свободно;;;;5659251;;;;;;;;;;Нет;Нет
ЖК Яркий;2;56;СТ А;;22,1;https://drive.google.com/uc?id=14gwHwEqAHu-Dno8kIZoI_qtmAV1PeDkt;0;квартира;;;7;1;;да;;3,1;;;;2,5;;;;;;;;;;;;;;16,5;;;;;;;;;;;Не для продажи;;;;5659252;;;;;;;;;;Нет;Нет
ЖК Яркий;2;57;2 Г;;45,5;https://drive.google.com/uc?id=1FrAq8kwLwcM4aaC_LFnfKr_OPyEVbPc2;2;квартира;;;7;1;;нет;;4,7;;;;8,7;;;;1,1;;;;;;;;;;16,3;14,7;;;;;;;;;;Свободно;;;;5659253;;;;;;;;;;Нет;Нет
ЖК Яркий;2;58;1 А;;35,2;https://drive.google.com/uc?id=11W1MVzryvo4zyEcp4iCv5CQLMy2gjKVg;1;квартира;;;7;1;;нет;;3,4;;;;6,4;;7;;0,8;;;;;;;;;;17,6;;;;;;;;;;;Свободно;;;;5659254;;;;;;;;;;Нет;Нет
ЖК Яркий;2;59;2 В;;36,7;https://drive.google.com/uc?id=14yJ1_Us14b-2KZ16QgJV8Hw-FUAIGMpB;2;квартира;;;1;2;;нет;;5,1;;;;6,3;;;;;;;;;;;;;;14,3;11;;;;;;;;;;Свободно;;;;5659255;;;;;;;;;;Нет;Нет
ЖК Яркий;2;60;2 А;;33,4;https://drive.google.com/uc?id=1GrGQk8HyACFssMc3nFUzuGAcwbWM2C8e;2;квартира;;;1;2;;нет;;3,6;;;;3,6;;;;;;;;;;;;;;14,8;11,4;;;;;;;;;;Свободно;;;;5659256;;;;;;;;;;Нет;Нет
ЖК Яркий;2;61;СТ Д;;29,8;https://drive.google.com/uc?id=1wSQhGdkr8Cfc053lexsqYuB1dMAlUkeH;0;квартира;;;1;2;;да;;4,7;;;;4,3;;;;;;;;;;;;;;20,8;;;;;;;;;;;Свободно;;;;5659257;;;;;;;;;;Нет;Нет
ЖК Яркий;2;62;СТ А;;25,4;https://drive.google.com/uc?id=1GqjrKrnqasku8ASx3nNEZB0OCgwFWVkY;0;квартира;;;1;2;;да;;4,3;;;;2,3;1;;;;;;;;;;;;;17,4;;;;;;;;;;;Не для продажи;;;;5659258;;;1,4;;;;;;;Нет;Нет
ЖК Яркий;2;63;2 Ж;;49,6;https://drive.google.com/uc?id=1LOjcQcBMD8Idtd4k1HYNmlnpiaxuEtfc;2;квартира;;;1;2;;нет;;5;;;;7,6;;;;;;;;;;;;;;18,8;18,2;;;;;;;;;;Свободно;;;;5659259;;;;;;;;;;Нет;Нет
ЖК Яркий;2;64;2 Г;;36,9;https://drive.google.com/uc?id=1FF5uTf6kambAoElKsYRGNA_7Bl80sGZa;2;квартира;;;2;2;;нет;;4,4;;;;6,3;;;;0,8;;;;;;;;;;14,3;11,1;;;;;;;;;;Свободно;;;;5659260;;;;;;;;;;Нет;Нет
ЖК Яркий;2;65;2 Б;;34,1;https://drive.google.com/uc?id=1Ha9BuZeF_pwLfK28FdlRyrLD6EmhZChE;2;квартира;;;2;2;;нет;;3,6;;;;3,6;;;;1,1;;;;;;;;;;14,4;11,4;;;;;;;;;;Оформление документов;;;14.01.20;5659261;;;;;;;;;;Нет;Нет
ЖК Яркий;2;66;СТ Г;;29,1;https://drive.google.com/uc?id=1YxO5iXd6AEeGva-oSx055sLqwTsP9Dr4;0;квартира;;;2;2;;да;;4,1;;;;4,3;;;;;;;;;;;;;;20,7;;;;;;;;;;;Свободно;;;;5659262;;;;;;;;;;Нет;Нет
ЖК Яркий;2;67;СТ Б;;25,8;https://drive.google.com/uc?id=1Cle5PZuaQq6wJngSFNxQnkKWz5dJZGWo;0;квартира;;;2;2;;да;;4,3;;;;2,3;1;;;1,1;;;;;;;;;;16,7;;;;;;;;;;;Оформление документов;;;10.01.20;5659263;;;1,4;;;;;;;Нет;Нет
ЖК Яркий;2;68;СТ В;;28,8;https://drive.google.com/uc?id=1qV2-PIh-T5zENOkIjJvvegLYuR3cyHhy;0;квартира;;;2;2;;да;;4,3;;;;3,1;1;;;;;;;;;;;;;19,3;;;;;;;;;;;Оформление документов;;;14.01.20;5659264;;;2,1;;;;;;;Нет;Да
ЖК Яркий;2;69;2 Е;;41,1;https://drive.google.com/uc?id=1__sUXkiB_XLS-xVVYdUbkMJMpXRa71u7;2;квартира;;;2;2;;нет;;4,3;;;;5;;;;0,8;;;;;;;;;;18,6;12,4;;;;;;;;;;Свободно;;;;5659265;;;;;;;;;;Нет;Да
ЖК Яркий;2;70;2 Д;;37,3;https://drive.google.com/uc?id=16aB84KJHoJH8OrEElJvEEkjIxQcMy9Yr;2;квартира;;;2;2;;нет;;4,4;;;;5,7;;;;;;;;;;;;;;16,6;10,6;;;;;;;;;;Свободно;;;;5659266;;;;;;;;;;Нет;Нет
ЖК Яркий;2;71;2 Г;;36,9;https://drive.google.com/uc?id=1FF5uTf6kambAoElKsYRGNA_7Bl80sGZa;2;квартира;;;3;2;;нет;;4,4;;;;6,3;;;;0,8;;;;;;;;;;14,3;11,1;;;;;;;;;;Свободно;;;;5659267;;;;;;;;;;Нет;Нет
ЖК Яркий;2;72;2 Б;;34,1;https://drive.google.com/uc?id=1Ha9BuZeF_pwLfK28FdlRyrLD6EmhZChE;2;квартира;;;3;2;;нет;;3,6;;;;3,6;;;;1,1;;;;;;;;;;14,4;11,4;;;;;;;;;;Оформление документов;;;10.01.20;5659268;;;;;;;;;;Нет;Нет
ЖК Яркий;2;73;СТ Г;;29,1;https://drive.google.com/uc?id=1YxO5iXd6AEeGva-oSx055sLqwTsP9Dr4;0;квартира;;;3;2;;да;;4,1;;;;4,3;;;;;;;;;;;;;;20,7;;;;;;;;;;;Свободно;;;;5659269;;;;;;;;;;Нет;Нет
ЖК Яркий;2;74;СТ Б;;25,8;https://drive.google.com/uc?id=1Cle5PZuaQq6wJngSFNxQnkKWz5dJZGWo;0;квартира;;;3;2;;да;;4,3;;;;2,3;1;;;1,1;;;;;;;;;;16,7;;;;;;;;;;;Оформление документов;;;09.01.20;5659270;;;1,4;;;;;;;Нет;Нет
ЖК Яркий;2;75;СТ В;;28,8;https://drive.google.com/uc?id=1qV2-PIh-T5zENOkIjJvvegLYuR3cyHhy;0;квартира;;;3;2;;да;;4,3;;;;3,1;1;;;;;;;;;;;;;19,3;;;;;;;;;;;Свободно;;;;5659271;;;2,1;;;;;;;Нет;Нет
ЖК Яркий;2;76;2 Е;;41,1;https://drive.google.com/uc?id=1__sUXkiB_XLS-xVVYdUbkMJMpXRa71u7;2;квартира;;;3;2;;нет;;4,3;;;;5;;;;0,8;;;;;;;;;;18,6;12,4;;;;;;;;;;Свободно;;;;5659272;;;;;;;;;;Нет;Нет
ЖК Яркий;2;77;2 Д;;37,3;https://drive.google.com/uc?id=16aB84KJHoJH8OrEElJvEEkjIxQcMy9Yr;2;квартира;;;3;2;;нет;;4,4;;;;5,7;;;;;;;;;;;;;;16,6;10,6;;;;;;;;;;Свободно;;;;5659273;;;;;;;;;;Нет;Нет
ЖК Яркий;2;78;2 Г;;36,9;https://drive.google.com/uc?id=1FF5uTf6kambAoElKsYRGNA_7Bl80sGZa;2;квартира;;;4;2;;нет;;4,4;;;;6,3;;;;0,8;;;;;;;;;;14,3;11,1;;;;;;;;;;Не для продажи;;;;5659274;;;;;;;;;;Нет;Нет
ЖК Яркий;2;79;2 Б;;34,1;https://drive.google.com/uc?id=1Ha9BuZeF_pwLfK28FdlRyrLD6EmhZChE;2;квартира;;;4;2;;нет;;3,6;;;;3,6;;;;1,1;;;;;;;;;;14,4;11,4;;;;;;;;;;Не для продажи;;;;5659275;;;;;;;;;;Нет;Нет
ЖК Яркий;2;80;СТ Г;;29,1;https://drive.google.com/uc?id=1YxO5iXd6AEeGva-oSx055sLqwTsP9Dr4;0;квартира;;;4;2;;да;;4,1;;;;4,3;;;;;;;;;;;;;;20,7;;;;;;;;;;;Не для продажи;;;;5659276;;;;;;;;;;Нет;Нет
ЖК Яркий;2;81;СТ Б;;25,8;https://drive.google.com/uc?id=1Cle5PZuaQq6wJngSFNxQnkKWz5dJZGWo;0;квартира;;;4;2;;да;;4,3;;;;2,3;1;;;1,1;;;;;;;;;;16,7;;;;;;;;;;;Не для продажи;;;;5659277;;;1,4;;;;;;;Нет;Нет
ЖК Яркий;2;82;СТ В;;28,8;https://drive.google.com/uc?id=1qV2-PIh-T5zENOkIjJvvegLYuR3cyHhy;0;квартира;;;4;2;;да;;4,3;;;;3,1;1;;;;;;;;;;;;;19,3;;;;;;;;;;;Не для продажи;;;;5659278;;;2,1;;;;;;;Нет;Нет
ЖК Яркий;2;83;2 Е;;41,1;https://drive.google.com/uc?id=1__sUXkiB_XLS-xVVYdUbkMJMpXRa71u7;2;квартира;;;4;2;;нет;;4,3;;;;5;;;;0,8;;;;;;;;;;18,6;12,4;;;;;;;;;;Не для продажи;;;;5659279;;;;;;;;;;Нет;Нет
ЖК Яркий;2;84;2 Д;;37,3;https://drive.google.com/uc?id=16aB84KJHoJH8OrEElJvEEkjIxQcMy9Yr;2;квартира;;;4;2;;нет;;4,4;;;;5,7;;;;;;;;;;;;;;16,6;10,6;;;;;;;;;;Не для продажи;;;;5659280;;;;;;;;;;Нет;Нет
ЖК Яркий;2;85;2 Г;;36,9;https://drive.google.com/uc?id=1FF5uTf6kambAoElKsYRGNA_7Bl80sGZa;2;квартира;;;5;2;;нет;;4,4;;;;6,3;;;;0,8;;;;;;;;;;14,3;11,1;;;;;;;;;;Не для продажи;;;;5659281;;;;;;;;;;Нет;Нет
ЖК Яркий;2;86;2 Б;;34,1;https://drive.google.com/uc?id=1Ha9BuZeF_pwLfK28FdlRyrLD6EmhZChE;2;квартира;;;5;2;;нет;;3,6;;;;3,6;;;;1,1;;;;;;;;;;14,4;11,4;;;;;;;;;;Не для продажи;;;;5659282;;;;;;;;;;Нет;Нет
ЖК Яркий;2;87;СТ Г;;29,1;https://drive.google.com/uc?id=1YxO5iXd6AEeGva-oSx055sLqwTsP9Dr4;0;квартира;;;5;2;;да;;4,1;;;;4,3;;;;;;;;;;;;;;20,7;;;;;;;;;;;Не для продажи;;;;5659283;;;;;;;;;;Нет;Нет
ЖК Яркий;2;88;СТ Б;;25,8;https://drive.google.com/uc?id=1Cle5PZuaQq6wJngSFNxQnkKWz5dJZGWo;0;квартира;;;5;2;;да;;4,3;;;;2,3;1;;;1,1;;;;;;;;;;16,7;;;;;;;;;;;Не для продажи;;;;5659284;;;1,4;;;;;;;Нет;Нет
ЖК Яркий;2;89;СТ В;;28,8;https://drive.google.com/uc?id=1qV2-PIh-T5zENOkIjJvvegLYuR3cyHhy;0;квартира;;;5;2;;да;;4,3;;;;3,1;1;;;;;;;;;;;;;19,3;;;;;;;;;;;Не для продажи;;;;5659285;;;2,1;;;;;;;Нет;Нет
ЖК Яркий;2;90;2 Е;;41,1;https://drive.google.com/uc?id=1__sUXkiB_XLS-xVVYdUbkMJMpXRa71u7;2;квартира;;;5;2;;нет;;4,3;;;;5;;;;0,8;;;;;;;;;;18,6;12,4;;;;;;;;;;Не для продажи;;;;5659286;;;;;;;;;;Нет;Нет
ЖК Яркий;2;91;2 Д;;37,3;https://drive.google.com/uc?id=16aB84KJHoJH8OrEElJvEEkjIxQcMy9Yr;2;квартира;;;5;2;;нет;;4,4;;;;5,7;;;;;;;;;;;;;;16,6;10,6;;;;;;;;;;Не для продажи;;;;5659287;;;;;;;;;;Нет;Нет
ЖК Яркий;2;92;2 Г;;36,9;https://drive.google.com/uc?id=1FF5uTf6kambAoElKsYRGNA_7Bl80sGZa;2;квартира;;;6;2;;нет;;4,4;;;;6,3;;;;0,8;;;;;;;;;;14,3;11,1;;;;;;;;;;Свободно;;;;5659288;;;;;;;;;;Нет;Нет
ЖК Яркий;2;93;2 Б;;34,1;https://drive.google.com/uc?id=1Ha9BuZeF_pwLfK28FdlRyrLD6EmhZChE;2;квартира;;;6;2;;нет;;3,6;;;;3,6;;;;1,1;;;;;;;;;;14,4;11,4;;;;;;;;;;Оформление документов;;;10.01.20;5659289;;;;;;;;;;Нет;Нет
ЖК Яркий;2;94;СТ Г;;29,1;https://drive.google.com/uc?id=1YxO5iXd6AEeGva-oSx055sLqwTsP9Dr4;0;квартира;;;6;2;;да;;4,1;;;;4,3;;;;;;;;;;;;;;20,7;;;;;;;;;;;Бронь;;;10.01.20;5659290;;;;;;;;;;Нет;Нет
ЖК Яркий;2;95;СТ Б;;25,8;https://drive.google.com/uc?id=1Cle5PZuaQq6wJngSFNxQnkKWz5dJZGWo;0;квартира;;;6;2;;да;;4,3;;;;2,3;1;;;1,1;;;;;;;;;;16,7;;;;;;;;;;;Оформление документов;;;09.01.20;5659291;;;1,4;;;;;;;Нет;Нет
ЖК Яркий;2;96;СТ В;;28,8;https://drive.google.com/uc?id=1qV2-PIh-T5zENOkIjJvvegLYuR3cyHhy;0;квартира;;;6;2;;да;;4,3;;;;3,1;1;;;;;;;;;;;;;19,3;;;;;;;;;;;Оформление документов;;;06.01.20;5659292;;;2,1;;;;;;;Нет;Нет
ЖК Яркий;2;97;2 Е;;41,1;https://drive.google.com/uc?id=1__sUXkiB_XLS-xVVYdUbkMJMpXRa71u7;2;квартира;;;6;2;;нет;;4,3;;;;5;;;;0,8;;;;;;;;;;18,6;12,4;;;;;;;;;;Свободно;;;;5659293;;;;;;;;;;Нет;Нет
ЖК Яркий;2;98;2 Д;;37,3;https://drive.google.com/uc?id=16aB84KJHoJH8OrEElJvEEkjIxQcMy9Yr;2;квартира;;;6;2;;нет;;4,4;;;;5,7;;;;;;;;;;;;;;16,6;10,6;;;;;;;;;;Свободно;;;;5659294;;;;;;;;;;Нет;Нет
ЖК Яркий;2;99;2 Г;;36,9;https://drive.google.com/uc?id=1FF5uTf6kambAoElKsYRGNA_7Bl80sGZa;2;квартира;;;7;2;;нет;;4,4;;;;6,3;;;;0,8;;;;;;;;;;14,3;11,1;;;;;;;;;;Свободно;;;;5659295;;;;;;;;;;Нет;Нет
ЖК Яркий;2;100;2 Б;;34,1;https://drive.google.com/uc?id=1Ha9BuZeF_pwLfK28FdlRyrLD6EmhZChE;2;квартира;;;7;2;;нет;;3,6;;;;3,6;;;;1,1;;;;;;;;;;14,4;11,4;;;;;;;;;;Бронь;;;10.01.20;5659296;;;;;;;;;;Нет;Нет
ЖК Яркий;2;101;СТ Г;;29,1;https://drive.google.com/uc?id=1YxO5iXd6AEeGva-oSx055sLqwTsP9Dr4;0;квартира;;;7;2;;да;;4,1;;;;4,3;;;;;;;;;;;;;;20,7;;;;;;;;;;;Свободно;;;;5659297;;;;;;;;;;Нет;Нет
ЖК Яркий;2;102;СТ Б;;25,8;https://drive.google.com/uc?id=1Cle5PZuaQq6wJngSFNxQnkKWz5dJZGWo;0;квартира;;;7;2;;да;;4,3;;;;2,3;1;;;1,1;;;;;;;;;;16,7;;;;;;;;;;;Оформление документов;;;10.01.20;5659298;;;1,4;;;;;;;Нет;Нет
ЖК Яркий;2;103;СТ В;;28,8;https://drive.google.com/uc?id=1qV2-PIh-T5zENOkIjJvvegLYuR3cyHhy;0;квартира;;;7;2;;да;;4,3;;;;3,1;1;;;;;;;;;;;;;19,3;;;;;;;;;;;Свободно;;;;5659299;;;2,1;;;;;;;Нет;Нет
ЖК Яркий;2;104;2 Е;;41,1;https://drive.google.com/uc?id=1__sUXkiB_XLS-xVVYdUbkMJMpXRa71u7;2;квартира;;;7;2;;нет;;4,3;;;;5;;;;0,8;;;;;;;;;;18,6;12,4;;;;;;;;;;Свободно;;;;5659300;;;;;;;;;;Нет;Нет
ЖК Яркий;2;105;2 Д;;37,3;https://drive.google.com/uc?id=16aB84KJHoJH8OrEElJvEEkjIxQcMy9Yr;2;квартира;;;7;2;;нет;;4,4;;;;5,7;;;;;;;;;;;;;;16,6;10,6;;;;;;;;;;Свободно;;;;5659301;;;;;;;;;;Нет;Нет
ЖК Яркий;2;106;2 А;;33,2;https://drive.google.com/uc?id=17TgQ_zoeyHJNMaPf1eIIIrgBqFTtZTrr;2;квартира;;;1;3;;нет;;4,8;;;;3,3;1;;;;;;;;;;;;;13;9,6;;;;;;;;;;Свободно;;;;5659302;;;2,5;;;;;;;Нет;Нет
ЖК Яркий;2;107;СТ А;;23,3;https://drive.google.com/uc?id=1198jayfqXP62s0FTvK0usIVe-WIYwJ-J;0;квартира;;;1;3;;да;;4,1;;;;3;;;;;;;;;;;;;;16,2;;;;;;;;;;;Не для продажи;;;;5659303;;;;;;;;;;Нет;Нет
ЖК Яркий;2;108;2 Г;;35,6;https://drive.google.com/uc?id=19y62_aTGqKIlQcpC3oCcaXVkWIKb_UoB;2;квартира;;;1;3;;нет;;4,4;;;;3,9;1;;;;;;;;;;;;;12,8;11,8;;;;;;;;;;Свободно;;;;5659304;;;2,7;;;;;;;Нет;Нет
ЖК Яркий;2;109;2 Е;;41,3;https://drive.google.com/uc?id=1ICNxMAG2en2LNcADBd6I6xV8y3o9-Mir;2;квартира;;;1;3;;нет;;4,1;;;;5,6;1;;;;;;;;;;;;;14,4;14,6;;;;;;;;;;Свободно;;;;5659305;;;2,6;;;;;;;Нет;Нет
ЖК Яркий;2;110;2 Ж;;46,7;https://drive.google.com/uc?id=1B8ER64RT2c4ZzP823K_4acKROKFES2Za;2;квартира;;;1;3;;нет;;4,1;;;;5,7;1;;;;;;;;;;;;;22,7;11,5;;;;;;;;;;Свободно;;;;5659306;;;2,7;;;;;;;Нет;Нет
ЖК Яркий;2;111;3 Б;;53;https://drive.google.com/uc?id=18Gfju3OfOaVytxo7jlvqWVqke9AmV1Qq;3;квартира;;;1;3;;нет;;2;3,7;;;6,1;1;;;;;;;;;;;;;13,6;8,8;15,4;;;;;;;;;Свободно;;;;5659307;;;3,4;;;;;;;Да;Нет
ЖК Яркий;2;112;3 А;;52,7;https://drive.google.com/uc?id=1IHpitKc5MNW1xt2Vi7cwALe5SFINYh7Q;3;квартира;;;2;3;;нет;;1,6;3,7;;;5,3;1;;;;;;;;;;;;;19;9,7;10,6;;;;;;;;;Свободно;;;;5659308;;;2,8;;;;;;;Нет;Нет
ЖК Яркий;2;113;СТ В;;34,8;https://drive.google.com/uc?id=1iZhJ9Y1wQcdwZ38MktJm06jmCTiVnyap;0;квартира;;;2;3;;да;;4,3;;;;3,1;1;;;;;;;;;;;;;25;;;;;;;;;;;Свободно;;;;5659309;;;2,4;;;;;;;Нет;Нет
ЖК Яркий;2;114;2 Б;;33,4;https://drive.google.com/uc?id=1E50IMB0Vt_irBsmTWBLJQpK1TOpduPC2;2;квартира;;;2;3;;нет;;4,2;;;;3,3;1;;;0,8;;;;;;;;;;13;9,6;;;;;;;;;;Свободно;;;;5659310;;;2,5;;;;;;;Нет;Нет
ЖК Яркий;2;115;СТ Б;;23,8;https://drive.google.com/uc?id=1Hy1ni0BUje9zAlXFFyjQAXyn2eX4h6V_;0;квартира;;;2;3;;да;;4;;;;3;;;;1,1;;;;;;;;;;15,7;;;;;;;;;;;Не для продажи;;;;5659311;;;;;;;;;;Нет;Нет
ЖК Яркий;2;116;2 В;;35,2;https://drive.google.com/uc?id=1d7D4ycI_AgBwIZmqNLaMMlB8k1yqLM0e;2;квартира;;;2;3;;нет;;4;;;;3,9;1;;;;;;;;;;;;;12,8;11,8;;;;;;;;;;Свободно;;;;5659312;;;2,7;;;;;;;Нет;Нет
ЖК Яркий;2;117;1 А;;33,3;https://drive.google.com/uc?id=1o2Fy-rrUepcNpeDpNoN8PbCZ0Jj-PC9l;1;квартира;;;2;3;;нет;;3,5;;;;3,4;1;11;;1,1;;;;;;;;;;11,7;;;;;;;;;;;Свободно;;;;5659313;;;2,6;;;;;;;Нет;Нет
ЖК Яркий;2;118;2 Д;;36,5;https://drive.google.com/uc?id=1jnhffvuHR0XPd1twDD5sxE7cdA8oVWW8;2;квартира;;;2;3;;нет;;4;;;;4,9;;;;0,8;;;;;;;;;;17;9,8;;;;;;;;;;Оформление документов;;;09.01.20;5659314;;;;;;;;;;Нет;Нет
ЖК Яркий;2;119;3 А;;52,7;https://drive.google.com/uc?id=1IHpitKc5MNW1xt2Vi7cwALe5SFINYh7Q;3;квартира;;;3;3;;нет;;1,6;3,7;;;5,3;1;;;;;;;;;;;;;19;9,7;10,6;;;;;;;;;Свободно;;;;5659315;;;2,8;;;;;;;Да;Нет
ЖК Яркий;2;120;СТ В;;34,8;https://drive.google.com/uc?id=1iZhJ9Y1wQcdwZ38MktJm06jmCTiVnyap;0;квартира;;;3;3;;да;;4,3;;;;3,1;1;;;;;;;;;;;;;25;;;;;;;;;;;Свободно;;;;5659316;;;2,4;;;;;;;Нет;Нет
ЖК Яркий;2;121;2 Б;;33,4;https://drive.google.com/uc?id=1E50IMB0Vt_irBsmTWBLJQpK1TOpduPC2;2;квартира;;;3;3;;нет;;4,2;;;;3,3;1;;;0,8;;;;;;;;;;13;9,6;;;;;;;;;;Бронь;;;09.01.20;5659317;;;2,5;;;;;;;Нет;Нет
ЖК Яркий;2;122;СТ Б;;23,8;https://drive.google.com/uc?id=1Hy1ni0BUje9zAlXFFyjQAXyn2eX4h6V_;0;квартира;;;3;3;;да;;4;;;;3;;;;1,1;;;;;;;;;;15,7;;;;;;;;;;;Не для продажи;;;;5659318;;;;;;;;;;Нет;Нет
ЖК Яркий;2;123;2 В;;35,2;https://drive.google.com/uc?id=1d7D4ycI_AgBwIZmqNLaMMlB8k1yqLM0e;2;квартира;;;3;3;;нет;;4;;;;3,9;1;;;;;;;;;;;;;12,8;11,8;;;;;;;;;;Оформление документов;;;10.01.20;5659319;;;2,7;;;;;;;Нет;Нет
ЖК Яркий;2;124;1 А;;33,3;https://drive.google.com/uc?id=1o2Fy-rrUepcNpeDpNoN8PbCZ0Jj-PC9l;1;квартира;;;3;3;;нет;;3,5;;;;3,4;1;11;;1,1;;;;;;;;;;11,7;;;;;;;;;;;Бронь;;;10.01.20;5659320;;;2,6;;;;;;;Нет;Нет
ЖК Яркий;2;125;2 Д;;36,5;https://drive.google.com/uc?id=1jnhffvuHR0XPd1twDD5sxE7cdA8oVWW8;2;квартира;;;3;3;;нет;;4;;;;4,9;;;;0,8;;;;;;;;;;17;9,8;;;;;;;;;;Свободно;;;;5659321;;;;;;;;;;Нет;Нет
ЖК Яркий;2;126;3 А;;52,7;https://drive.google.com/uc?id=1IHpitKc5MNW1xt2Vi7cwALe5SFINYh7Q;3;квартира;;;4;3;;нет;;1,6;3,7;;;5,3;1;;;;;;;;;;;;;19;9,7;10,6;;;;;;;;;Не для продажи;;;;5659322;;;2,8;;;;;;;Да;Нет
ЖК Яркий;2;127;СТ В;;34,8;https://drive.google.com/uc?id=1iZhJ9Y1wQcdwZ38MktJm06jmCTiVnyap;0;квартира;;;4;3;;да;;4,3;;;;3,1;1;;;;;;;;;;;;;25;;;;;;;;;;;Не для продажи;;;;5659323;;;2,4;;;;;;;Нет;Нет
ЖК Яркий;2;128;2 Б;;33,4;https://drive.google.com/uc?id=1E50IMB0Vt_irBsmTWBLJQpK1TOpduPC2;2;квартира;;;4;3;;нет;;4,2;;;;3,3;1;;;0,8;;;;;;;;;;13;9,6;;;;;;;;;;Не для продажи;;;;5659324;;;2,5;;;;;;;Нет;Нет
ЖК Яркий;2;129;СТ Б;;23,8;https://drive.google.com/uc?id=1Hy1ni0BUje9zAlXFFyjQAXyn2eX4h6V_;0;квартира;;;4;3;;да;;4;;;;3;;;;1,1;;;;;;;;;;15,7;;;;;;;;;;;Не для продажи;;;;5659325;;;;;;;;;;Нет;Нет
ЖК Яркий;2;130;2 В;;35,2;https://drive.google.com/uc?id=1d7D4ycI_AgBwIZmqNLaMMlB8k1yqLM0e;2;квартира;;;4;3;;нет;;4;;;;3,9;1;;;;;;;;;;;;;12,8;11,8;;;;;;;;;;Не для продажи;;;;5659326;;;2,7;;;;;;;Нет;Нет
ЖК Яркий;2;131;1 А;;33,3;https://drive.google.com/uc?id=1o2Fy-rrUepcNpeDpNoN8PbCZ0Jj-PC9l;1;квартира;;;4;3;;нет;;3,5;;;;3,4;1;11;;1,1;;;;;;;;;;11,7;;;;;;;;;;;Не для продажи;;;;5659327;;;2,6;;;;;;;Нет;Нет
ЖК Яркий;2;132;2 Д;;36,5;https://drive.google.com/uc?id=1jnhffvuHR0XPd1twDD5sxE7cdA8oVWW8;2;квартира;;;4;3;;нет;;4;;;;4,9;;;;0,8;;;;;;;;;;17;9,8;;;;;;;;;;Не для продажи;;;;5659328;;;;;;;;;;Нет;Нет
ЖК Яркий;2;133;3 А;;52,7;https://drive.google.com/uc?id=1IHpitKc5MNW1xt2Vi7cwALe5SFINYh7Q;3;квартира;;;5;3;;нет;;1,6;3,7;;;5,3;1;;;;;;;;;;;;;19;9,7;10,6;;;;;;;;;Не для продажи;;;;5659329;;;2,8;;;;;;;Да;Нет
ЖК Яркий;2;134;СТ В;;34,8;https://drive.google.com/uc?id=1iZhJ9Y1wQcdwZ38MktJm06jmCTiVnyap;0;квартира;;;5;3;;да;;4,3;;;;3,1;1;;;;;;;;;;;;;25;;;;;;;;;;;Не для продажи;;;;5659330;;;2,4;;;;;;;Нет;Нет
ЖК Яркий;2;135;2 Б;;33,4;https://drive.google.com/uc?id=1E50IMB0Vt_irBsmTWBLJQpK1TOpduPC2;2;квартира;;;5;3;;нет;;4,2;;;;3,3;1;;;0,8;;;;;;;;;;13;9,6;;;;;;;;;;Бронь;;;15.01.20;5659331;;;2,5;;;;;;;Нет;Нет
ЖК Яркий;2;136;СТ Б;;23,8;https://drive.google.com/uc?id=1Hy1ni0BUje9zAlXFFyjQAXyn2eX4h6V_;0;квартира;;;5;3;;да;;4;;;;3;;;;1,1;;;;;;;;;;15,7;;;;;;;;;;;Не для продажи;;;;5659332;;;;;;;;;;Нет;Нет
ЖК Яркий;2;137;2 В;;35,2;https://drive.google.com/uc?id=1d7D4ycI_AgBwIZmqNLaMMlB8k1yqLM0e;2;квартира;;;5;3;;нет;;4;;;;3,9;1;;;;;;;;;;;;;12,8;11,8;;;;;;;;;;Не для продажи;;;;5659333;;;2,7;;;;;;;Нет;Нет
ЖК Яркий;2;138;1 А;;33,3;https://drive.google.com/uc?id=1o2Fy-rrUepcNpeDpNoN8PbCZ0Jj-PC9l;1;квартира;;;5;3;;нет;;3,5;;;;3,4;1;11;;1,1;;;;;;;;;;11,7;;;;;;;;;;;Не для продажи;;;;5659334;;;2,6;;;;;;;Нет;Нет
ЖК Яркий;2;139;2 Д;;36,5;https://drive.google.com/uc?id=1jnhffvuHR0XPd1twDD5sxE7cdA8oVWW8;2;квартира;;;5;3;;нет;;4;;;;4,9;;;;0,8;;;;;;;;;;17;9,8;;;;;;;;;;Не для продажи;;;;5659335;;;;;;;;;;Нет;Нет
ЖК Яркий;2;140;3 А;;52,7;https://drive.google.com/uc?id=1IHpitKc5MNW1xt2Vi7cwALe5SFINYh7Q;3;квартира;;;6;3;;нет;;1,6;3,7;;;5,3;1;;;;;;;;;;;;;19;9,7;10,6;;;;;;;;;Свободно;;;;5659336;;;2,8;;;;;;;Да;Нет
ЖК Яркий;2;141;СТ В;;34,8;https://drive.google.com/uc?id=1iZhJ9Y1wQcdwZ38MktJm06jmCTiVnyap;0;квартира;;;6;3;;да;;4,3;;;;3,1;1;;;;;;;;;;;;;25;;;;;;;;;;;Свободно;;;;5659337;;;2,4;;;;;;;Нет;Нет
ЖК Яркий;2;142;2 Б;;33,4;https://drive.google.com/uc?id=1E50IMB0Vt_irBsmTWBLJQpK1TOpduPC2;2;квартира;;;6;3;;нет;;4,2;;;;3,3;1;;;0,8;;;;;;;;;;13;9,6;;;;;;;;;;Бронь;;;09.01.20;5659338;;;2,5;;;;;;;Нет;Нет
ЖК Яркий;2;143;СТ Б;;23,8;https://drive.google.com/uc?id=1Hy1ni0BUje9zAlXFFyjQAXyn2eX4h6V_;0;квартира;;;6;3;;да;;4;;;;3;;;;1,1;;;;;;;;;;15,7;;;;;;;;;;;Не для продажи;;;;5659339;;;;;;;;;;Нет;Нет
ЖК Яркий;2;144;2 В;;35,2;https://drive.google.com/uc?id=1d7D4ycI_AgBwIZmqNLaMMlB8k1yqLM0e;2;квартира;;;6;3;;нет;;4;;;;3,9;1;;;;;;;;;;;;;12,8;11,8;;;;;;;;;;Свободно;;;;5659340;;;2,7;;;;;;;Нет;Нет
ЖК Яркий;2;145;1 А;;33,3;https://drive.google.com/uc?id=1o2Fy-rrUepcNpeDpNoN8PbCZ0Jj-PC9l;1;квартира;;;6;3;;нет;;3,5;;;;3,4;1;11;;1,1;;;;;;;;;;11,7;;;;;;;;;;;Бронь;;;11.01.20;5659341;;;2,6;;;;;;;Нет;Нет
ЖК Яркий;2;146;2 Д;;36,5;https://drive.google.com/uc?id=1jnhffvuHR0XPd1twDD5sxE7cdA8oVWW8;2;квартира;;;6;3;;нет;;4;;;;4,9;;;;0,8;;;;;;;;;;17;9,8;;;;;;;;;;Оформление документов;;;09.01.20;5659342;;;;;;;;;;Нет;Нет
ЖК Яркий;2;147;3 А;;52,7;https://drive.google.com/uc?id=1IHpitKc5MNW1xt2Vi7cwALe5SFINYh7Q;3;квартира;;;7;3;;нет;;1,6;3,7;;;5,3;1;;;;;;;;;;;;;19;9,7;10,6;;;;;;;;;Свободно;;;;5659343;;;2,8;;;;;;;Да;Нет
ЖК Яркий;2;148;СТ В;;34,8;https://drive.google.com/uc?id=1iZhJ9Y1wQcdwZ38MktJm06jmCTiVnyap;0;квартира;;;7;3;;да;;4,3;;;;3,1;1;;;;;;;;;;;;;25;;;;;;;;;;;Свободно;;;;5659344;;;2,4;;;;;;;Нет;Нет
ЖК Яркий;2;149;2 Б;;33,4;https://drive.google.com/uc?id=1E50IMB0Vt_irBsmTWBLJQpK1TOpduPC2;2;квартира;;;7;3;;нет;;4,2;;;;3,3;1;;;0,8;;;;;;;;;;13;9,6;;;;;;;;;;Оформление документов;;;10.01.20;5659345;;;2,5;;;;;;;Нет;Нет
ЖК Яркий;2;150;СТ Б;;23,8;https://drive.google.com/uc?id=1Hy1ni0BUje9zAlXFFyjQAXyn2eX4h6V_;0;квартира;;;7;3;;да;;4;;;;3;;;;1,1;;;;;;;;;;15,7;;;;;;;;;;;Не для продажи;;;;5659346;;;;;;;;;;Нет;Нет
ЖК Яркий;2;151;2 В;;35,2;https://drive.google.com/uc?id=1d7D4ycI_AgBwIZmqNLaMMlB8k1yqLM0e;2;квартира;;;7;3;;нет;;4;;;;3,9;1;;;;;;;;;;;;;12,8;11,8;;;;;;;;;;Оформление документов;;;16.01.20;5659347;;;2,7;;;;;;;Нет;Нет
ЖК Яркий;2;152;1 А;;33,3;https://drive.google.com/uc?id=1o2Fy-rrUepcNpeDpNoN8PbCZ0Jj-PC9l;1;квартира;;;7;3;;нет;;3,5;;;;3,4;1;11;;1,1;;;;;;;;;;11,7;;;;;;;;;;;Оформление документов;;;10.01.20;5659348;;;2,6;;;;;;;Нет;Нет
ЖК Яркий;2;153;2 Д;;36,5;https://drive.google.com/uc?id=1jnhffvuHR0XPd1twDD5sxE7cdA8oVWW8;2;квартира;;;7;3;;нет;;4;;;;4,9;;;;0,8;;;;;;;;;;17;9,8;;;;;;;;;;Бронь;;;12.01.20;5659349;;;;;;;;;;Нет;Нет
ЖК Яркий;2;154;СТ Г;;33,5;https://drive.google.com/uc?id=1gZRdoSHEhB8wnHXophOz9U0ilNT1vzcK;0;квартира;;;1;4;;да;;4,5;;;;4,1;1;;;;;;;;;;;;;20;;;;;;;;;;;Свободно;;;;5659350;;;4,9;;;;;;;Да;Нет
ЖК Яркий;2;155;3 А;;59,7;https://drive.google.com/uc?id=1gsAICI_vXt-s71UFuIvfcEv0eJBa2uHV;3;квартира;;;1;4;;нет;;1,9;3,8;;;8,2;;13,5;;;;;;;;;;;;11,6;9,7;11;;;;;;;;;Свободно;;;;5659351;;;;;;;;;;Нет;Нет
ЖК Яркий;2;156;3 В;;64,2;https://drive.google.com/uc?id=1S_JFHQyhd5t-UD6U680ox9cKSyp7oTcQ;3;квартира;;;1;4;;нет;;1,9;3,4;;;10;;8,9;;;;;;;;;;;;16,2;11;12,8;;;;;;;;;Свободно;;;;5659352;;;;;;;;;;Нет;Нет
ЖК Яркий;2;157;СТ В;;28,7;https://drive.google.com/uc?id=1RSnRNXrKA48kV9yvosYLQ65PCLcIDy93;0;квартира;;;1;4;;да;;4,6;;;;4,4;;;;;;;;;;;;;;19,7;;;;;;;;;;;Свободно;;;;5659353;;;;;;;;;;Нет;Нет
ЖК Яркий;2;158;3 Г;;65;https://drive.google.com/uc?id=1HNK8jDTTzlqaAYgnADvkhYNkZYYtLUVJ;3;квартира;;;2;4;;нет;;1,7;3,4;;;10;;8,9;;1;;;;;;;;;;16,2;11;12,8;;;;;;;;;Бронь;;;20.01.20;5659354;;;;;;;;;;Нет;Нет
ЖК Яркий;2;159;СТ Б;;27,9;https://drive.google.com/uc?id=1XOOokqRSUrjOqZhYR-SlJ87CiY_B7lqe;0;квартира;;;2;4;;да;;3,8;;;;4,4;;;;;;;;;;;;;;19,7;;;;;;;;;;;Свободно;;;;5659355;;;;;;;;;;Нет;Нет
ЖК Яркий;2;160;2 А;;37,3;https://drive.google.com/uc?id=15c5CTfO9VNUHxi6MVS83nFegvzmCZeLt;2;квартира;;;2;4;;нет;;4,2;;;;2,7;1;;;;;;;;;;;;;15,8;12,6;;;;;;;;;;Свободно;;;;5659356;;;2;;;;;;;Нет;Нет
ЖК Яркий;2;161;СТ А;;27,9;https://drive.google.com/uc?id=1VBYoiRkgPJQamdFST0noFF4GuUvZ2AyL;0;квартира;;;2;4;;да;;3,8;;;;4,4;;;;;;;;;;;;;;19,7;;;;;;;;;;;Свободно;;;;5659357;;;;;;;;;;Нет;Нет
ЖК Яркий;2;162;3 Б;;60,4;https://drive.google.com/uc?id=1p_F7bfmAlTRRGDrg9J9B1Vat9NMIoTns;3;квартира;;;2;4;;нет;;1,6;3,7;;;8;;;;1,1;;;;;;;;;;25,3;9,7;11;;;;;;;;;Свободно;;;;5659358;;;;;;;;;;Нет;Нет
ЖК Яркий;2;163;3 Г;;65;https://drive.google.com/uc?id=1HNK8jDTTzlqaAYgnADvkhYNkZYYtLUVJ;3;квартира;;;3;4;;нет;;1,7;3,4;;;10;;8,9;;1;;;;;;;;;;16,2;11;12,8;;;;;;;;;Бронь;;;12.01.20;5659359;;;;;;;;;;Нет;Нет
ЖК Яркий;2;164;СТ Б;;27,9;https://drive.google.com/uc?id=1XOOokqRSUrjOqZhYR-SlJ87CiY_B7lqe;0;квартира;;;3;4;;да;;3,8;;;;4,4;;;;;;;;;;;;;;19,7;;;;;;;;;;;Оформление документов;;;10.01.20;5659360;;;;;;;;;;Нет;Нет
ЖК Яркий;2;165;2 А;;37,3;https://drive.google.com/uc?id=15c5CTfO9VNUHxi6MVS83nFegvzmCZeLt;2;квартира;;;3;4;;нет;;4,2;;;;2,7;1;;;;;;;;;;;;;15,8;12,6;;;;;;;;;;Бронь;;;10.01.20;5659361;;;2;;;;;;;Нет;Нет
ЖК Яркий;2;166;СТ А;;27,9;https://drive.google.com/uc?id=1VBYoiRkgPJQamdFST0noFF4GuUvZ2AyL;0;квартира;;;3;4;;да;;3,8;;;;4,4;;;;;;;;;;;;;;19,7;;;;;;;;;;;Свободно;;;;5659362;;;;;;;;;;Нет;Нет
ЖК Яркий;2;167;3 Б;;60,4;https://drive.google.com/uc?id=1p_F7bfmAlTRRGDrg9J9B1Vat9NMIoTns;3;квартира;;;3;4;;нет;;1,6;3,7;;;8;;;;1,1;;;;;;;;;;25,3;9,7;11;;;;;;;;;Свободно;;;;5659363;;;;;;;;;;Нет;Нет
ЖК Яркий;2;168;3 Г;;65;https://drive.google.com/uc?id=1HNK8jDTTzlqaAYgnADvkhYNkZYYtLUVJ;3;квартира;;;4;4;;нет;;1,7;3,4;;;10;;8,9;;1;;;;;;;;;;16,2;11;12,8;;;;;;;;;Не для продажи;;;;5659364;;;;;;;;;;Нет;Нет
ЖК Яркий;2;169;СТ Б;;27,9;https://drive.google.com/uc?id=1XOOokqRSUrjOqZhYR-SlJ87CiY_B7lqe;0;квартира;;;4;4;;да;;3,8;;;;4,4;;;;;;;;;;;;;;19,7;;;;;;;;;;;Не для продажи;;;;5659365;;;;;;;;;;Нет;Нет
ЖК Яркий;2;170;2 А;;37,3;https://drive.google.com/uc?id=15c5CTfO9VNUHxi6MVS83nFegvzmCZeLt;2;квартира;;;4;4;;нет;;4,2;;;;2,7;1;;;;;;;;;;;;;15,8;12,6;;;;;;;;;;Не для продажи;;;;5659366;;;2;;;;;;;Нет;Нет
ЖК Яркий;2;171;СТ А;;27,9;https://drive.google.com/uc?id=1VBYoiRkgPJQamdFST0noFF4GuUvZ2AyL;0;квартира;;;4;4;;да;;3,8;;;;4,4;;;;;;;;;;;;;;19,7;;;;;;;;;;;Не для продажи;;;;5659367;;;;;;;;;;Нет;Нет
ЖК Яркий;2;172;3 Б;;60,4;https://drive.google.com/uc?id=1p_F7bfmAlTRRGDrg9J9B1Vat9NMIoTns;3;квартира;;;4;4;;нет;;1,6;3,7;;;8;;;;1,1;;;;;;;;;;25,3;9,7;11;;;;;;;;;Не для продажи;;;;5659368;;;;;;;;;;Нет;Нет
ЖК Яркий;2;173;3 Г;;65;https://drive.google.com/uc?id=1HNK8jDTTzlqaAYgnADvkhYNkZYYtLUVJ;3;квартира;;;5;4;;нет;;1,7;3,4;;;10;;8,9;;1;;;;;;;;;;16,2;11;12,8;;;;;;;;;Не для продажи;;;;5659369;;;;;;;;;;Нет;Нет
ЖК Яркий;2;174;СТ Б;;27,9;https://drive.google.com/uc?id=1XOOokqRSUrjOqZhYR-SlJ87CiY_B7lqe;0;квартира;;;5;4;;да;;3,8;;;;4,4;;;;;;;;;;;;;;19,7;;;;;;;;;;;Не для продажи;;;;5659370;;;;;;;;;;Нет;Нет
ЖК Яркий;2;175;2 А;;37,3;https://drive.google.com/uc?id=15c5CTfO9VNUHxi6MVS83nFegvzmCZeLt;2;квартира;;;5;4;;нет;;4,2;;;;2,7;1;;;;;;;;;;;;;15,8;12,6;;;;;;;;;;Не для продажи;;;;5659371;;;2;;;;;;;Нет;Нет
ЖК Яркий;2;176;СТ А;;27,9;https://drive.google.com/uc?id=1VBYoiRkgPJQamdFST0noFF4GuUvZ2AyL;0;квартира;;;5;4;;да;;3,8;;;;4,4;;;;;;;;;;;;;;19,7;;;;;;;;;;;Не для продажи;;;;5659372;;;;;;;;;;Нет;Нет
ЖК Яркий;2;177;3 Б;;60,4;https://drive.google.com/uc?id=1p_F7bfmAlTRRGDrg9J9B1Vat9NMIoTns;3;квартира;;;5;4;;нет;;1,6;3,7;;;8;;;;1,1;;;;;;;;;;25,3;9,7;11;;;;;;;;;Не для продажи;;;;5659373;;;;;;;;;;Нет;Нет
ЖК Яркий;2;178;3 Г;;65;https://drive.google.com/uc?id=1HNK8jDTTzlqaAYgnADvkhYNkZYYtLUVJ;3;квартира;;;6;4;;нет;;1,7;3,4;;;10;;8,9;;1;;;;;;;;;;16,2;11;12,8;;;;;;;;;Оформление документов;;;17.01.20;5659374;;;;;;;;;;Нет;Нет
ЖК Яркий;2;179;СТ Б;;27,9;https://drive.google.com/uc?id=1XOOokqRSUrjOqZhYR-SlJ87CiY_B7lqe;0;квартира;;;6;4;;да;;3,8;;;;4,4;;;;;;;;;;;;;;19,7;;;;;;;;;;;Бронь;;;10.01.20;5659375;;;;;;;;;;Нет;Нет
ЖК Яркий;2;180;2 А;;37,3;https://drive.google.com/uc?id=15c5CTfO9VNUHxi6MVS83nFegvzmCZeLt;2;квартира;;;6;4;;нет;;4,2;;;;2,7;1;;;;;;;;;;;;;15,8;12,6;;;;;;;;;;Оформление документов;;;10.01.20;5659376;;;2;;;;;;;Нет;Нет
ЖК Яркий;2;181;СТ А;;27,9;https://drive.google.com/uc?id=1VBYoiRkgPJQamdFST0noFF4GuUvZ2AyL;0;квартира;;;6;4;;да;;3,8;;;;4,4;;;;;;;;;;;;;;19,7;;;;;;;;;;;Оформление документов;;;10.01.20;5659377;;;;;;;;;;Нет;Нет
ЖК Яркий;2;182;3 Б;;60,4;https://drive.google.com/uc?id=1p_F7bfmAlTRRGDrg9J9B1Vat9NMIoTns;3;квартира;;;6;4;;нет;;1,6;3,7;;;8;;;;1,1;;;;;;;;;;25,3;9,7;11;;;;;;;;;Свободно;;;;5659378;;;;;;;;;;Нет;Нет
ЖК Яркий;2;183;3 Г;;65;https://drive.google.com/uc?id=1HNK8jDTTzlqaAYgnADvkhYNkZYYtLUVJ;3;квартира;;;7;4;;нет;;1,7;3,4;;;10;;8,9;;1;;;;;;;;;;16,2;11;12,8;;;;;;;;;Бронь;;;21.01.20;5659379;;;;;;;;;;Нет;Нет
ЖК Яркий;2;184;СТ Б;;27,9;https://drive.google.com/uc?id=1XOOokqRSUrjOqZhYR-SlJ87CiY_B7lqe;0;квартира;;;7;4;;да;;3,8;;;;4,4;;;;;;;;;;;;;;19,7;;;;;;;;;;;Оформление документов;;;10.01.20;5659380;;;;;;;;;;Нет;Нет
ЖК Яркий;2;185;2 А;;37,3;https://drive.google.com/uc?id=15c5CTfO9VNUHxi6MVS83nFegvzmCZeLt;2;квартира;;;7;4;;нет;;4,2;;;;2,7;1;;;;;;;;;;;;;15,8;12,6;;;;;;;;;;Свободно;;;;5659381;;;2;;;;;;;Нет;Нет
ЖК Яркий;2;186;СТ А;;27,9;https://drive.google.com/uc?id=1VBYoiRkgPJQamdFST0noFF4GuUvZ2AyL;0;квартира;;;7;4;;да;;3,8;;;;4,4;;;;;;;;;;;;;;19,7;;;;;;;;;;;Свободно;;;;5659382;;;;;;;;;;Нет;Нет
ЖК Яркий;2;187;3 Б;;60,4;https://drive.google.com/uc?id=1p_F7bfmAlTRRGDrg9J9B1Vat9NMIoTns;3;квартира;;;7;4;;нет;;1,6;3,7;;;8;;;;1,1;;;;;;;;;;25,3;9,7;11;;;;;;;;;Свободно;;;;5659383;;;;;;;;;;Нет;Нет
ЖК Яркий;2;188;СТ Г;;33,5;https://drive.google.com/uc?id=1gZRdoSHEhB8wnHXophOz9U0ilNT1vzcK;0;квартира;;;1;5;;да;;4,5;;;;4,1;1;;;;;;;;;;;;;20;;;;;;;;;;;Свободно;;;;5659384;;;4,9;;;;;;;Нет;Нет
ЖК Яркий;2;189;3 А;;59,7;https://drive.google.com/uc?id=1HWQ43iI6qaLmTKUH4ArWfzD1WAuJTK36;3;квартира;;;1;5;;нет;;1,9;3,8;;;8;;;;;;;;;;;;;;25,3;9,7;11;;;;;;;;;Свободно;;;;5659385;;;;;;;;;;Нет;Нет
ЖК Яркий;2;190;3 Б;;59,7;https://drive.google.com/uc?id=1E9Fqbo8G8nmY74PLyWuXi9qQNK1gESKM;3;квартира;;;1;5;;нет;;1,9;3,8;;;8;;;;;;;;;;;;;;25,3;9,7;11;;;;;;;;;Свободно;;;;5659386;;;;;;;;;;Нет;Нет
ЖК Яркий;2;191;СТ В;;28,7;https://drive.google.com/uc?id=1RSnRNXrKA48kV9yvosYLQ65PCLcIDy93;0;квартира;;;1;5;;да;;4,6;;;;4,4;;;;;;;;;;;;;;19,7;;;;;;;;;;;Свободно;;;;5659387;;;;;;;;;;Нет;Нет
ЖК Яркий;2;192;3 Г;;60,4;https://drive.google.com/uc?id=1M6tmNu9wxJh-iIKRWX_41-og_UoyPmLP;3;квартира;;;2;5;;нет;;1,6;3,7;;;8;;;;1,1;;;;;;;;;;25,3;9,7;11;;;;;;;;;Свободно;;;;5659388;;;;;;;;;;Нет;Нет
ЖК Яркий;2;193;СТ Б;;27,9;https://drive.google.com/uc?id=1XOOokqRSUrjOqZhYR-SlJ87CiY_B7lqe;0;квартира;;;2;5;;да;;3,8;;;;4,4;;;;;;;;;;;;;;19,7;;;;;;;;;;;Оформление документов;;;10.01.20;5659389;;;;;;;;;;Нет;Нет
ЖК Яркий;2;194;2 А;;37,3;https://drive.google.com/uc?id=15c5CTfO9VNUHxi6MVS83nFegvzmCZeLt;2;квартира;;;2;5;;нет;;4,2;;;;2,7;1;;;;;;;;;;;;;15,8;12,6;;;;;;;;;;Свободно;;;;5659390;;;2;;;;;;;Нет;Нет
ЖК Яркий;2;195;СТ А;;27,9;https://drive.google.com/uc?id=1VBYoiRkgPJQamdFST0noFF4GuUvZ2AyL;0;квартира;;;2;5;;да;;3,8;;;;4,4;;;;;;;;;;;;;;19,7;;;;;;;;;;;Оформление документов;;;10.01.20;5659391;;;;;;;;;;Нет;Нет
ЖК Яркий;2;196;3 В;;60,3;https://drive.google.com/uc?id=1-Zg5ZikIJdbSHPHuKWopIbP7uYrRs70G;3;квартира;;;2;5;;нет;;1,6;3,7;;;8;;;;1;;;;;;;;;;25,3;9,7;11;;;;;;;;;Свободно;;;;5659392;;;;;;;;;;Нет;Нет
ЖК Яркий;2;197;3 Г;;60,4;https://drive.google.com/uc?id=1M6tmNu9wxJh-iIKRWX_41-og_UoyPmLP;3;квартира;;;3;5;;нет;;1,6;3,7;;;8;;;;1,1;;;;;;;;;;25,3;9,7;11;;;;;;;;;Свободно;;;;5659393;;;;;;;;;;Нет;Нет
ЖК Яркий;2;198;СТ Б;;27,9;https://drive.google.com/uc?id=1XOOokqRSUrjOqZhYR-SlJ87CiY_B7lqe;0;квартира;;;3;5;;да;;3,8;;;;4,4;;;;;;;;;;;;;;19,7;;;;;;;;;;;Оформление документов;;;06.01.20;5659394;;;;;;;;;;Нет;Нет
ЖК Яркий;2;199;2 А;;37,3;https://drive.google.com/uc?id=15c5CTfO9VNUHxi6MVS83nFegvzmCZeLt;2;квартира;;;3;5;;нет;;4,2;;;;2,7;1;;;;;;;;;;;;;15,8;12,6;;;;;;;;;;Оформление документов;;;06.01.20;5659395;;;2;;;;;;;Нет;Нет
ЖК Яркий;2;200;СТ А;;27,9;https://drive.google.com/uc?id=1VBYoiRkgPJQamdFST0noFF4GuUvZ2AyL;0;квартира;;;3;5;;да;;3,8;;;;4,4;;;;;;;;;;;;;;19,7;;;;;;;;;;;Оформление документов;;;10.01.20;5659396;;;;;;;;;;Нет;Нет
ЖК Яркий;2;201;3 В;;60,3;https://drive.google.com/uc?id=1-Zg5ZikIJdbSHPHuKWopIbP7uYrRs70G;3;квартира;;;3;5;;нет;;1,6;3,7;;;8;;;;1;;;;;;;;;;25,3;9,7;11;;;;;;;;;Свободно;;;;5659397;;;;;;;;;;Нет;Нет
ЖК Яркий;2;202;3 Г;;60,4;https://drive.google.com/uc?id=1M6tmNu9wxJh-iIKRWX_41-og_UoyPmLP;3;квартира;;;4;5;;нет;;1,6;3,7;;;8;;;;1,1;;;;;;;;;;25,3;9,7;11;;;;;;;;;Не для продажи;;;;5659398;;;;;;;;;;Нет;Нет
ЖК Яркий;2;203;СТ Б;;27,9;https://drive.google.com/uc?id=1XOOokqRSUrjOqZhYR-SlJ87CiY_B7lqe;0;квартира;;;4;5;;да;;3,8;;;;4,4;;;;;;;;;;;;;;19,7;;;;;;;;;;;Не для продажи;;;;5659399;;;;;;;;;;Нет;Нет
ЖК Яркий;2;204;2 А;;37,3;https://drive.google.com/uc?id=15c5CTfO9VNUHxi6MVS83nFegvzmCZeLt;2;квартира;;;4;5;;нет;;4,2;;;;2,7;1;;;;;;;;;;;;;15,8;12,6;;;;;;;;;;Не для продажи;;;;5659400;;;2;;;;;;;Нет;Нет
ЖК Яркий;2;205;СТ А;;27,9;https://drive.google.com/uc?id=1VBYoiRkgPJQamdFST0noFF4GuUvZ2AyL;0;квартира;;;4;5;;да;;3,8;;;;4,4;;;;;;;;;;;;;;19,7;;;;;;;;;;;Не для продажи;;;;5659401;;;;;;;;;;Нет;Нет
ЖК Яркий;2;206;3 В;;60,3;https://drive.google.com/uc?id=1-Zg5ZikIJdbSHPHuKWopIbP7uYrRs70G;3;квартира;;;4;5;;нет;;1,6;3,7;;;8;;;;1;;;;;;;;;;25,3;9,7;11;;;;;;;;;Не для продажи;;;;5659402;;;;;;;;;;Нет;Нет
ЖК Яркий;2;207;3 Г;;60,4;https://drive.google.com/uc?id=1M6tmNu9wxJh-iIKRWX_41-og_UoyPmLP;3;квартира;;;5;5;;нет;;1,6;3,7;;;8;;;;1,1;;;;;;;;;;25,3;9,7;11;;;;;;;;;Не для продажи;;;;5659403;;;;;;;;;;Нет;Нет
ЖК Яркий;2;208;СТ Б;;27,9;https://drive.google.com/uc?id=1XOOokqRSUrjOqZhYR-SlJ87CiY_B7lqe;0;квартира;;;5;5;;да;;3,8;;;;4,4;;;;;;;;;;;;;;19,7;;;;;;;;;;;Не для продажи;;;;5659404;;;;;;;;;;Нет;Нет
ЖК Яркий;2;209;2 А;;37,3;https://drive.google.com/uc?id=15c5CTfO9VNUHxi6MVS83nFegvzmCZeLt;2;квартира;;;5;5;;нет;;4,2;;;;2,7;1;;;;;;;;;;;;;15,8;12,6;;;;;;;;;;Не для продажи;;;;5659405;;;2;;;;;;;Нет;Нет
ЖК Яркий;2;210;СТ А;;27,9;https://drive.google.com/uc?id=1VBYoiRkgPJQamdFST0noFF4GuUvZ2AyL;0;квартира;;;5;5;;да;;3,8;;;;4,4;;;;;;;;;;;;;;19,7;;;;;;;;;;;Не для продажи;;;;5659406;;;;;;;;;;Нет;Нет
ЖК Яркий;2;211;3 В;;60,3;https://drive.google.com/uc?id=1-Zg5ZikIJdbSHPHuKWopIbP7uYrRs70G;3;квартира;;;5;5;;нет;;1,6;3,7;;;8;;;;1;;;;;;;;;;25,3;9,7;11;;;;;;;;;Не для продажи;;;;5659407;;;;;;;;;;Нет;Нет
ЖК Яркий;2;212;3 Г;;60,4;https://drive.google.com/uc?id=1M6tmNu9wxJh-iIKRWX_41-og_UoyPmLP;3;квартира;;;6;5;;нет;;1,6;3,7;;;8;;;;1,1;;;;;;;;;;25,3;9,7;11;;;;;;;;;Бронь;;;11.01.20;5659408;;;;;;;;;;Нет;Нет
ЖК Яркий;2;213;СТ Б;;27,9;https://drive.google.com/uc?id=1XOOokqRSUrjOqZhYR-SlJ87CiY_B7lqe;0;квартира;;;6;5;;да;;3,8;;;;4,4;;;;;;;;;;;;;;19,7;;;;;;;;;;;Оформление документов;;;09.01.20;5659409;;;;;;;;;;Нет;Нет
ЖК Яркий;2;214;2 А;;37,3;https://drive.google.com/uc?id=15c5CTfO9VNUHxi6MVS83nFegvzmCZeLt;2;квартира;;;6;5;;нет;;4,2;;;;2,7;1;;;;;;;;;;;;;15,8;12,6;;;;;;;;;;Оформление документов;;;06.01.20;5659410;;;2;;;;;;;Нет;Нет
ЖК Яркий;2;215;СТ А;;27,9;https://drive.google.com/uc?id=1VBYoiRkgPJQamdFST0noFF4GuUvZ2AyL;0;квартира;;;6;5;;да;;3,8;;;;4,4;;;;;;;;;;;;;;19,7;;;;;;;;;;;Оформление документов;;;09.01.20;5659411;;;;;;;;;;Нет;Нет
ЖК Яркий;2;216;3 В;;60,3;https://drive.google.com/uc?id=1-Zg5ZikIJdbSHPHuKWopIbP7uYrRs70G;3;квартира;;;6;5;;нет;;1,6;3,7;;;8;;;;1;;;;;;;;;;25,3;9,7;11;;;;;;;;;Свободно;;;;5659412;;;;;;;;;;Нет;Нет
ЖК Яркий;2;217;3 Г;;60,4;https://drive.google.com/uc?id=1M6tmNu9wxJh-iIKRWX_41-og_UoyPmLP;3;квартира;;;7;5;;нет;;1,6;3,7;;;8;;;;1,1;;;;;;;;;;25,3;9,7;11;;;;;;;;;Свободно;;;;5659413;;;;;;;;;;Нет;Нет
ЖК Яркий;2;218;СТ Б;;27,9;https://drive.google.com/uc?id=1XOOokqRSUrjOqZhYR-SlJ87CiY_B7lqe;0;квартира;;;7;5;;да;;3,8;;;;4,4;;;;;;;;;;;;;;19,7;;;;;;;;;;;Оформление документов;;;10.01.20;5659414;;;;;;;;;;Нет;Нет
ЖК Яркий;2;219;2 А;;37,3;https://drive.google.com/uc?id=15c5CTfO9VNUHxi6MVS83nFegvzmCZeLt;2;квартира;;;7;5;;нет;;4,2;;;;2,7;1;;;;;;;;;;;;;15,8;12,6;;;;;;;;;;Свободно;;;;5659415;;;2;;;;;;;Нет;Нет
ЖК Яркий;2;220;СТ А;;27,9;https://drive.google.com/uc?id=1VBYoiRkgPJQamdFST0noFF4GuUvZ2AyL;0;квартира;;;7;5;;да;;3,8;;;;4,4;;;;;;;;;;;;;;19,7;;;;;;;;;;;Оформление документов;;;08.01.20;5659416;;;;;;;;;;Нет;Нет
ЖК Яркий;2;221;3 В;;60,3;https://drive.google.com/uc?id=1-Zg5ZikIJdbSHPHuKWopIbP7uYrRs70G;3;квартира;;;7;5;;нет;;1,6;3,7;;;8;;;;1;;;;;;;;;;25,3;9,7;11;;;;;;;;;Свободно;;;;5659417;;;;;;;;;;Нет;Нет
ЖК Яркий;2;222;СТ Г;;33,5;https://drive.google.com/uc?id=1gZRdoSHEhB8wnHXophOz9U0ilNT1vzcK;0;квартира;;;1;6;;да;;4,5;;;;4,1;1;;;;;;;;;;;;;20;;;;;;;;;;;Свободно;;;;5659418;;;4,9;;;;;;;Нет;Нет
ЖК Яркий;2;223;3 А;;59,7;https://drive.google.com/uc?id=1HWQ43iI6qaLmTKUH4ArWfzD1WAuJTK36;3;квартира;;;1;6;;нет;;1,9;3,8;;;8;;;;;;;;;;;;;;25,3;9,7;11;;;;;;;;;Свободно;;;;5659419;;;;;;;;;;Нет;Нет
ЖК Яркий;2;224;3 Б;;59,7;https://drive.google.com/uc?id=1E9Fqbo8G8nmY74PLyWuXi9qQNK1gESKM;3;квартира;;;1;6;;нет;;1,9;3,8;;;8;;;;;;;;;;;;;;25,3;9,7;11;;;;;;;;;Свободно;;;;5659420;;;;;;;;;;Нет;Нет
ЖК Яркий;2;225;СТ В;;28,7;https://drive.google.com/uc?id=1RSnRNXrKA48kV9yvosYLQ65PCLcIDy93;0;квартира;;;1;6;;да;;4,6;;;;4,4;;;;;;;;;;;;;;19,7;;;;;;;;;;;Свободно;;;;5659421;;;;;;;;;;Нет;Нет
ЖК Яркий;2;226;3 Г;;60,4;https://drive.google.com/uc?id=1M6tmNu9wxJh-iIKRWX_41-og_UoyPmLP;3;квартира;;;2;6;;нет;;1,6;3,7;;;8;;;;1,1;;;;;;;;;;25,3;9,7;11;;;;;;;;;Свободно;;;;5659422;;;;;;;;;;Нет;Нет
ЖК Яркий;2;227;СТ Б;;27,9;https://drive.google.com/uc?id=1XOOokqRSUrjOqZhYR-SlJ87CiY_B7lqe;0;квартира;;;2;6;;да;;3,8;;;;4,4;;;;;;;;;;;;;;19,7;;;;;;;;;;;Бронь;;;10.01.20;5659423;;;;;;;;;;Нет;Нет
ЖК Яркий;2;228;2 А;;37,3;https://drive.google.com/uc?id=15c5CTfO9VNUHxi6MVS83nFegvzmCZeLt;2;квартира;;;2;6;;нет;;4,2;;;;2,7;1;;;;;;;;;;;;;15,8;12,6;;;;;;;;;;Свободно;;;;5659424;;;2;;;;;;;Нет;Нет
ЖК Яркий;2;229;СТ А;;27,9;https://drive.google.com/uc?id=1VBYoiRkgPJQamdFST0noFF4GuUvZ2AyL;0;квартира;;;2;6;;да;;3,8;;;;4,4;;;;;;;;;;;;;;19,7;;;;;;;;;;;Оформление документов;;;10.01.20;5659425;;;;;;;;;;Нет;Нет
ЖК Яркий;2;230;3 В;;60,4;https://drive.google.com/uc?id=18mwnY5GEGI4Zlfa2L1u2XNXKGO3PyVUg;3;квартира;;;2;6;;нет;;1,6;3,7;;;8;;;;1,1;;;;;;;;;;25,3;9,7;11;;;;;;;;;Свободно;;;;5659426;;;;;;;;;;Нет;Нет
ЖК Яркий;2;231;3 Г;;60,4;https://drive.google.com/uc?id=1M6tmNu9wxJh-iIKRWX_41-og_UoyPmLP;3;квартира;;;3;6;;нет;;1,6;3,7;;;8;;;;1,1;;;;;;;;;;25,3;9,7;11;;;;;;;;;Свободно;;;;5659427;;;;;;;;;;Нет;Нет
ЖК Яркий;2;232;СТ Б;;27,9;https://drive.google.com/uc?id=1XOOokqRSUrjOqZhYR-SlJ87CiY_B7lqe;0;квартира;;;3;6;;да;;3,8;;;;4,4;;;;;;;;;;;;;;19,7;;;;;;;;;;;Оформление документов;;;10.01.20;5659428;;;;;;;;;;Нет;Нет
ЖК Яркий;2;233;2 А;;37,3;https://drive.google.com/uc?id=15c5CTfO9VNUHxi6MVS83nFegvzmCZeLt;2;квартира;;;3;6;;нет;;4,2;;;;2,7;1;;;;;;;;;;;;;15,8;12,6;;;;;;;;;;Свободно;;;;5659429;;;2;;;;;;;Нет;Нет
ЖК Яркий;2;234;СТ А;;27,9;https://drive.google.com/uc?id=1VBYoiRkgPJQamdFST0noFF4GuUvZ2AyL;0;квартира;;;3;6;;да;;3,8;;;;4,4;;;;;;;;;;;;;;19,7;;;;;;;;;;;Бронь;;;10.01.20;5659430;;;;;;;;;;Нет;Нет
ЖК Яркий;2;235;3 В;;60,4;https://drive.google.com/uc?id=18mwnY5GEGI4Zlfa2L1u2XNXKGO3PyVUg;3;квартира;;;3;6;;нет;;1,6;3,7;;;8;;;;1,1;;;;;;;;;;25,3;9,7;11;;;;;;;;;Свободно;;;;5659431;;;;;;;;;;Нет;Нет
ЖК Яркий;2;236;3 Г;;60,4;https://drive.google.com/uc?id=1M6tmNu9wxJh-iIKRWX_41-og_UoyPmLP;3;квартира;;;4;6;;нет;;1,6;3,7;;;8;;;;1,1;;;;;;;;;;25,3;9,7;11;;;;;;;;;Не для продажи;;;;5659432;;;;;;;;;;Нет;Нет
ЖК Яркий;2;237;СТ Б;;27,9;https://drive.google.com/uc?id=1XOOokqRSUrjOqZhYR-SlJ87CiY_B7lqe;0;квартира;;;4;6;;да;;3,8;;;;4,4;;;;;;;;;;;;;;19,7;;;;;;;;;;;Не для продажи;;;;5659433;;;;;;;;;;Нет;Нет
ЖК Яркий;2;238;2 А;;37,3;https://drive.google.com/uc?id=15c5CTfO9VNUHxi6MVS83nFegvzmCZeLt;2;квартира;;;4;6;;нет;;4,2;;;;2,7;1;;;;;;;;;;;;;15,8;12,6;;;;;;;;;;Не для продажи;;;;5659434;;;2;;;;;;;Нет;Нет
ЖК Яркий;2;239;СТ А;;27,9;https://drive.google.com/uc?id=1VBYoiRkgPJQamdFST0noFF4GuUvZ2AyL;0;квартира;;;4;6;;да;;3,8;;;;4,4;;;;;;;;;;;;;;19,7;;;;;;;;;;;Не для продажи;;;;5659435;;;;;;;;;;Нет;Нет
ЖК Яркий;2;240;3 В;;60,4;https://drive.google.com/uc?id=18mwnY5GEGI4Zlfa2L1u2XNXKGO3PyVUg;3;квартира;;;4;6;;нет;;1,6;3,7;;;8;;;;1,1;;;;;;;;;;25,3;9,7;11;;;;;;;;;Не для продажи;;;;5659436;;;;;;;;;;Нет;Нет
ЖК Яркий;2;241;3 Г;;60,4;https://drive.google.com/uc?id=1M6tmNu9wxJh-iIKRWX_41-og_UoyPmLP;3;квартира;;;5;6;;нет;;1,6;3,7;;;8;;;;1,1;;;;;;;;;;25,3;9,7;11;;;;;;;;;Не для продажи;;;;5659437;;;;;;;;;;Нет;Нет
ЖК Яркий;2;242;СТ Б;;27,9;https://drive.google.com/uc?id=1XOOokqRSUrjOqZhYR-SlJ87CiY_B7lqe;0;квартира;;;5;6;;да;;3,8;;;;4,4;;;;;;;;;;;;;;19,7;;;;;;;;;;;Не для продажи;;;;5659438;;;;;;;;;;Нет;Нет
ЖК Яркий;2;243;2 А;;37,3;https://drive.google.com/uc?id=15c5CTfO9VNUHxi6MVS83nFegvzmCZeLt;2;квартира;;;5;6;;нет;;4,2;;;;2,7;1;;;;;;;;;;;;;15,8;12,6;;;;;;;;;;Не для продажи;;;;5659439;;;2;;;;;;;Нет;Нет
ЖК Яркий;2;244;СТ А;;27,9;https://drive.google.com/uc?id=1VBYoiRkgPJQamdFST0noFF4GuUvZ2AyL;0;квартира;;;5;6;;да;;3,8;;;;4,4;;;;;;;;;;;;;;19,7;;;;;;;;;;;Не для продажи;;;;5659440;;;;;;;;;;Нет;Нет
ЖК Яркий;2;245;3 В;;60,4;https://drive.google.com/uc?id=18mwnY5GEGI4Zlfa2L1u2XNXKGO3PyVUg;3;квартира;;;5;6;;нет;;1,6;3,7;;;8;;;;1,1;;;;;;;;;;25,3;9,7;11;;;;;;;;;Не для продажи;;;;5659441;;;;;;;;;;Нет;Нет
ЖК Яркий;2;246;3 Г;;60,4;https://drive.google.com/uc?id=1M6tmNu9wxJh-iIKRWX_41-og_UoyPmLP;3;квартира;;;6;6;;нет;;1,6;3,7;;;8;;;;1,1;;;;;;;;;;25,3;9,7;11;;;;;;;;;Свободно;;;;5659442;;;;;;;;;;Нет;Нет
ЖК Яркий;2;247;СТ Б;;27,9;https://drive.google.com/uc?id=1XOOokqRSUrjOqZhYR-SlJ87CiY_B7lqe;0;квартира;;;6;6;;да;;3,8;;;;4,4;;;;;;;;;;;;;;19,7;;;;;;;;;;;Оформление документов;;;23.01.20;5659443;;;;;;;;;;Нет;Нет
ЖК Яркий;2;248;2 А;;37,3;https://drive.google.com/uc?id=15c5CTfO9VNUHxi6MVS83nFegvzmCZeLt;2;квартира;;;6;6;;нет;;4,2;;;;2,7;1;;;;;;;;;;;;;15,8;12,6;;;;;;;;;;Свободно;;;;5659444;;;2;;;;;;;Нет;Нет
ЖК Яркий;2;249;СТ А;;27,9;https://drive.google.com/uc?id=1VBYoiRkgPJQamdFST0noFF4GuUvZ2AyL;0;квартира;;;6;6;;да;;3,8;;;;4,4;;;;;;;;;;;;;;19,7;;;;;;;;;;;Оформление документов;;;10.01.20;5659445;;;;;;;;;;Нет;Нет
ЖК Яркий;2;250;3 В;;60,4;https://drive.google.com/uc?id=18mwnY5GEGI4Zlfa2L1u2XNXKGO3PyVUg;3;квартира;;;6;6;;нет;;1,6;3,7;;;8;;;;1,1;;;;;;;;;;25,3;9,7;11;;;;;;;;;Свободно;;;;5659446;;;;;;;;;;Нет;Нет
ЖК Яркий;2;251;3 Г;;60,4;https://drive.google.com/uc?id=1M6tmNu9wxJh-iIKRWX_41-og_UoyPmLP;3;квартира;;;7;6;;нет;;1,6;3,7;;;8;;;;1,1;;;;;;;;;;25,3;9,7;11;;;;;;;;;Свободно;;;;5659447;;;;;;;;;;Нет;Нет
ЖК Яркий;2;252;СТ Б;;27,9;https://drive.google.com/uc?id=1XOOokqRSUrjOqZhYR-SlJ87CiY_B7lqe;0;квартира;;;7;6;;да;;3,8;;;;4,4;;;;;;;;;;;;;;19,7;;;;;;;;;;;Бронь;;;10.01.20;5659448;;;;;;;;;;Нет;Нет
ЖК Яркий;2;253;2 А;;37,3;https://drive.google.com/uc?id=15c5CTfO9VNUHxi6MVS83nFegvzmCZeLt;2;квартира;;;7;6;;нет;;4,2;;;;2,7;1;;;;;;;;;;;;;15,8;12,6;;;;;;;;;;Свободно;;;;5659449;;;2;;;;;;;Нет;Нет
ЖК Яркий;2;254;СТ А;;27,9;https://drive.google.com/uc?id=1VBYoiRkgPJQamdFST0noFF4GuUvZ2AyL;0;квартира;;;7;6;;да;;3,8;;;;4,4;;;;;;;;;;;;;;19,7;;;;;;;;;;;Бронь;;;10.01.20;5659450;;;;;;;;;;Нет;Нет
ЖК Яркий;2;255;3 В;;60,4;https://drive.google.com/uc?id=18mwnY5GEGI4Zlfa2L1u2XNXKGO3PyVUg;3;квартира;;;7;6;;нет;;1,6;3,7;;;8;;;;1,1;;;;;;;;;;25,3;9,7;11;;;;;;;;;Свободно;;;;5659451;;;;;;;;;;Нет;Нет
ЖК Яркий;2;256;3 Б;;53;https://drive.google.com/uc?id=18Gfju3OfOaVytxo7jlvqWVqke9AmV1Qq;3;квартира;;;1;7;;нет;;2;3,7;;;6,1;1;;;;;;;;;;;;;13,6;8,8;15,4;;;;;;;;;Свободно;;;;5659452;;;3,4;;;;;;;Нет;Нет
ЖК Яркий;2;257;2 Ж;;46,7;https://drive.google.com/uc?id=1B8ER64RT2c4ZzP823K_4acKROKFES2Za;2;квартира;;;1;7;;нет;;4,1;;;;5,7;1;;;;;;;;;;;;;22,7;11,5;;;;;;;;;;Свободно;;;;5659453;;;2,7;;;;;;;Нет;Нет
ЖК Яркий;2;258;2 Е;;41,3;https://drive.google.com/uc?id=1ICNxMAG2en2LNcADBd6I6xV8y3o9-Mir;2;квартира;;;1;7;;нет;;4,1;;;;5,6;1;;;;;;;;;;;;;14,4;14,6;;;;;;;;;;Свободно;;;;5659454;;;2,6;;;;;;;Да;Нет
ЖК Яркий;2;259;2 Г;;35,6;https://drive.google.com/uc?id=19y62_aTGqKIlQcpC3oCcaXVkWIKb_UoB;2;квартира;;;1;7;;нет;;4,4;;;;3,9;1;;;;;;;;;;;;;12,8;11,8;;;;;;;;;;Свободно;;;;5659455;;;2,7;;;;;;;Нет;Нет
ЖК Яркий;2;260;СТ А;;23,3;https://drive.google.com/uc?id=1198jayfqXP62s0FTvK0usIVe-WIYwJ-J;0;квартира;;;1;7;;да;;4,1;;;;3;;;;;;;;;;;;;;16,2;;;;;;;;;;;Не для продажи;;;;5659456;;;;;;;;;;Нет;Нет
ЖК Яркий;2;261;2 А;;33,2;https://drive.google.com/uc?id=12KgO30GLmgSkgu28QLF9rpH24Wilits5;2;квартира;;;1;7;;нет;;4,8;;;;3,3;1;;;;;;;;;;;;;13;9,6;;;;;;;;;;Свободно;;;;5659457;;;2,5;;;;;;;Нет;Нет
ЖК Яркий;2;262;2 Д;;36,5;https://drive.google.com/uc?id=1jnhffvuHR0XPd1twDD5sxE7cdA8oVWW8;2;квартира;;;2;7;;нет;;4;;;;4,9;;;;0,8;;;;;;;;;;17;9,8;;;;;;;;;;Свободно;;;;5659458;;;;;;;;;;Нет;Нет
ЖК Яркий;2;263;1 А;;33,3;https://drive.google.com/uc?id=1o2Fy-rrUepcNpeDpNoN8PbCZ0Jj-PC9l;1;квартира;;;2;7;;нет;;3,5;;;;3,4;1;11;;1,1;;;;;;;;;;11,7;;;;;;;;;;;Оформление документов;;;10.01.20;5659459;;;2,6;;;;;;;Да;Нет
ЖК Яркий;2;264;2 В;;35,2;https://drive.google.com/uc?id=1d7D4ycI_AgBwIZmqNLaMMlB8k1yqLM0e;2;квартира;;;2;7;;нет;;4;;;;3,9;1;;;;;;;;;;;;;12,8;11,8;;;;;;;;;;Свободно;;;;5659460;;;2,7;;;;;;;Нет;Нет
ЖК Яркий;2;265;СТ Б;;23,8;https://drive.google.com/uc?id=1Hy1ni0BUje9zAlXFFyjQAXyn2eX4h6V_;0;квартира;;;2;7;;да;;4;;;;3;;;;1,1;;;;;;;;;;15,7;;;;;;;;;;;Не для продажи;;;;5659461;;;;;;;;;;Нет;Нет
ЖК Яркий;2;266;2 Б;;33,4;https://drive.google.com/uc?id=1E50IMB0Vt_irBsmTWBLJQpK1TOpduPC2;2;квартира;;;2;7;;нет;;4,2;;;;3,3;1;;;0,8;;;;;;;;;;13;9,6;;;;;;;;;;Свободно;;;;5659462;;;2,5;;;;;;;Нет;Нет
ЖК Яркий;2;267;СТ В;;34,8;https://drive.google.com/uc?id=1iZhJ9Y1wQcdwZ38MktJm06jmCTiVnyap;0;квартира;;;2;7;;да;;4,3;;;;3,1;1;;;;;;;;;;;;;25;;;;;;;;;;;Свободно;;;;5659463;;;2,4;;;;;;;Нет;Нет
ЖК Яркий;2;268;3 А;;52,7;https://drive.google.com/uc?id=1IHpitKc5MNW1xt2Vi7cwALe5SFINYh7Q;3;квартира;;;2;7;;нет;;1,6;3,7;;;5,3;1;;;;;;;;;;;;;19;10,6;9,7;;;;;;;;;Свободно;;;;5659464;;;2,8;;;;;;;Нет;Нет
ЖК Яркий;2;269;2 Д;;36,5;https://drive.google.com/uc?id=1jnhffvuHR0XPd1twDD5sxE7cdA8oVWW8;2;квартира;;;3;7;;нет;;4;;;;4,9;;;;0,8;;;;;;;;;;17;9,8;;;;;;;;;;Оформление документов;;;09.01.20;5659465;;;;;;;;;;Нет;Нет
ЖК Яркий;2;270;1 А;;33,3;https://drive.google.com/uc?id=1o2Fy-rrUepcNpeDpNoN8PbCZ0Jj-PC9l;1;квартира;;;3;7;;нет;;3,5;;;;3,4;1;11;;1,1;;;;;;;;;;11,7;;;;;;;;;;;Оформление документов;;;10.01.20;5659466;;;2,6;;;;;;;Да;Нет
ЖК Яркий;2;271;2 В;;35,2;https://drive.google.com/uc?id=1d7D4ycI_AgBwIZmqNLaMMlB8k1yqLM0e;2;квартира;;;3;7;;нет;;4;;;;3,9;1;;;;;;;;;;;;;12,8;11,8;;;;;;;;;;Свободно;;;;5659467;;;2,7;;;;;;;Нет;Нет
ЖК Яркий;2;272;СТ Б;;23,8;https://drive.google.com/uc?id=1Hy1ni0BUje9zAlXFFyjQAXyn2eX4h6V_;0;квартира;;;3;7;;да;;4;;;;3;;;;1,1;;;;;;;;;;15,7;;;;;;;;;;;Не для продажи;;;;5659468;;;;;;;;;;Нет;Нет
ЖК Яркий;2;273;2 Б;;33,4;https://drive.google.com/uc?id=1E50IMB0Vt_irBsmTWBLJQpK1TOpduPC2;2;квартира;;;3;7;;нет;;4,2;;;;3,3;1;;;0,8;;;;;;;;;;13;9,6;;;;;;;;;;Оформление документов;;;09.01.20;5659469;;;2,5;;;;;;;Нет;Нет
ЖК Яркий;2;274;СТ В;;34,8;https://drive.google.com/uc?id=1iZhJ9Y1wQcdwZ38MktJm06jmCTiVnyap;0;квартира;;;3;7;;да;;4,3;;;;3,1;1;;;;;;;;;;;;;25;;;;;;;;;;;Свободно;;;;5659470;;;2,4;;;;;;;Нет;Нет
ЖК Яркий;2;275;3 А;;52,7;https://drive.google.com/uc?id=1IHpitKc5MNW1xt2Vi7cwALe5SFINYh7Q;3;квартира;;;3;7;;нет;;1,6;3,7;;;5,3;1;;;;;;;;;;;;;19;10,6;9,7;;;;;;;;;Свободно;;;;5659471;;;2,8;;;;;;;Нет;Нет
ЖК Яркий;2;276;2 Д;;36,5;https://drive.google.com/uc?id=1jnhffvuHR0XPd1twDD5sxE7cdA8oVWW8;2;квартира;;;4;7;;нет;;4;;;;4,9;;;;0,8;;;;;;;;;;17;9,8;;;;;;;;;;Не для продажи;;;;5659472;;;;;;;;;;Нет;Нет
ЖК Яркий;2;277;1 А;;33,3;https://drive.google.com/uc?id=1o2Fy-rrUepcNpeDpNoN8PbCZ0Jj-PC9l;1;квартира;;;4;7;;нет;;3,5;;;;3,4;1;11;;1,1;;;;;;;;;;11,7;;;;;;;;;;;Не для продажи;;;;5659473;;;2,6;;;;;;;Да;Нет
ЖК Яркий;2;278;2 В;;35,2;https://drive.google.com/uc?id=1d7D4ycI_AgBwIZmqNLaMMlB8k1yqLM0e;2;квартира;;;4;7;;нет;;4;;;;3,9;1;;;;;;;;;;;;;12,8;11,8;;;;;;;;;;Не для продажи;;;;5659474;;;2,7;;;;;;;Нет;Нет
ЖК Яркий;2;279;СТ Б;;23,8;https://drive.google.com/uc?id=1Hy1ni0BUje9zAlXFFyjQAXyn2eX4h6V_;0;квартира;;;4;7;;да;;4;;;;3;;;;1,1;;;;;;;;;;15,7;;;;;;;;;;;Не для продажи;;;;5659475;;;;;;;;;;Нет;Нет
ЖК Яркий;2;280;2 Б;;33,4;https://drive.google.com/uc?id=1E50IMB0Vt_irBsmTWBLJQpK1TOpduPC2;2;квартира;;;4;7;;нет;;4,2;;;;3,3;1;;;0,8;;;;;;;;;;13;9,6;;;;;;;;;;Не для продажи;;;;5659476;;;2,5;;;;;;;Нет;Нет
ЖК Яркий;2;281;СТ В;;34,8;https://drive.google.com/uc?id=1iZhJ9Y1wQcdwZ38MktJm06jmCTiVnyap;0;квартира;;;4;7;;да;;4,3;;;;3,1;1;;;;;;;;;;;;;25;;;;;;;;;;;Не для продажи;;;;5659477;;;2,4;;;;;;;Нет;Нет
ЖК Яркий;2;282;3 А;;52,7;https://drive.google.com/uc?id=1IHpitKc5MNW1xt2Vi7cwALe5SFINYh7Q;3;квартира;;;4;7;;нет;;1,6;3,7;;;5,3;1;;;;;;;;;;;;;19;10,6;9,7;;;;;;;;;Не для продажи;;;;5659478;;;2,8;;;;;;;Нет;Нет
ЖК Яркий;2;283;2 Д;;36,5;https://drive.google.com/uc?id=1jnhffvuHR0XPd1twDD5sxE7cdA8oVWW8;2;квартира;;;5;7;;нет;;4;;;;4,9;;;;0,8;;;;;;;;;;17;9,8;;;;;;;;;;Не для продажи;;;;5659479;;;;;;;;;;Нет;Нет
ЖК Яркий;2;284;1 А;;33,3;https://drive.google.com/uc?id=1o2Fy-rrUepcNpeDpNoN8PbCZ0Jj-PC9l;1;квартира;;;5;7;;нет;;3,5;;;;3,4;1;11;;1,1;;;;;;;;;;11,7;;;;;;;;;;;Не для продажи;;;;5659480;;;2,6;;;;;;;Да;Нет
ЖК Яркий;2;285;2 В;;35,2;https://drive.google.com/uc?id=1d7D4ycI_AgBwIZmqNLaMMlB8k1yqLM0e;2;квартира;;;5;7;;нет;;4;;;;3,9;1;;;;;;;;;;;;;12,8;11,8;;;;;;;;;;Не для продажи;;;;5659481;;;2,7;;;;;;;Нет;Нет
ЖК Яркий;2;286;СТ Б;;23,8;https://drive.google.com/uc?id=1Hy1ni0BUje9zAlXFFyjQAXyn2eX4h6V_;0;квартира;;;5;7;;да;;4;;;;3;;;;1,1;;;;;;;;;;15,7;;;;;;;;;;;Не для продажи;;;;5659482;;;;;;;;;;Нет;Нет
ЖК Яркий;2;287;2 Б;;33,4;https://drive.google.com/uc?id=1E50IMB0Vt_irBsmTWBLJQpK1TOpduPC2;2;квартира;;;5;7;;нет;;4,2;;;;3,3;1;;;0,8;;;;;;;;;;13;9,6;;;;;;;;;;Не для продажи;;;;5659483;;;2,5;;;;;;;Нет;Нет
ЖК Яркий;2;288;СТ В;;34,8;https://drive.google.com/uc?id=1iZhJ9Y1wQcdwZ38MktJm06jmCTiVnyap;0;квартира;;;5;7;;да;;4,3;;;;3,1;1;;;;;;;;;;;;;25;;;;;;;;;;;Не для продажи;;;;5659484;;;2,4;;;;;;;Нет;Нет
ЖК Яркий;2;289;3 А;;52,7;https://drive.google.com/uc?id=1IHpitKc5MNW1xt2Vi7cwALe5SFINYh7Q;3;квартира;;;5;7;;нет;;1,6;3,7;;;5,3;1;;;;;;;;;;;;;19;10,6;9,7;;;;;;;;;Не для продажи;;;;5659485;;;2,8;;;;;;;Нет;Нет
ЖК Яркий;2;290;2 Д;;36,5;https://drive.google.com/uc?id=1jnhffvuHR0XPd1twDD5sxE7cdA8oVWW8;2;квартира;;;6;7;;нет;;4;;;;4,9;;;;0,8;;;;;;;;;;17;9,8;;;;;;;;;;Оформление документов;;;05.01.20;5659486;;;;;;;;;;Нет;Нет
ЖК Яркий;2;291;1 А;;33,3;https://drive.google.com/uc?id=1o2Fy-rrUepcNpeDpNoN8PbCZ0Jj-PC9l;1;квартира;;;6;7;;нет;;3,5;;;;3,4;1;11;;1,1;;;;;;;;;;11,7;;;;;;;;;;;Оформление документов;;;12.01.20;5659487;;;2,6;;;;;;;Да;Нет
ЖК Яркий;2;292;2 В;;35,2;https://drive.google.com/uc?id=1d7D4ycI_AgBwIZmqNLaMMlB8k1yqLM0e;2;квартира;;;6;7;;нет;;4;;;;3,9;1;;;;;;;;;;;;;12,8;11,8;;;;;;;;;;Свободно;;;;5659488;;;2,7;;;;;;;Нет;Нет
ЖК Яркий;2;293;СТ Б;;23,8;https://drive.google.com/uc?id=1Hy1ni0BUje9zAlXFFyjQAXyn2eX4h6V_;0;квартира;;;6;7;;да;;4;;;;3;;;;1,1;;;;;;;;;;15,7;;;;;;;;;;;Не для продажи;;;;5659489;;;;;;;;;;Нет;Нет
ЖК Яркий;2;294;2 Б;;33,4;https://drive.google.com/uc?id=1E50IMB0Vt_irBsmTWBLJQpK1TOpduPC2;2;квартира;;;6;7;;нет;;4,2;;;;3,3;1;;;0,8;;;;;;;;;;13;9,6;;;;;;;;;;Бронь;;;10.01.20;5659490;;;2,5;;;;;;;Нет;Нет
ЖК Яркий;2;295;СТ В;;34,8;https://drive.google.com/uc?id=1iZhJ9Y1wQcdwZ38MktJm06jmCTiVnyap;0;квартира;;;6;7;;да;;4,3;;;;3,1;1;;;;;;;;;;;;;25;;;;;;;;;;;Свободно;;;;5659491;;;2,4;;;;;;;Нет;Нет
ЖК Яркий;2;296;3 А;;52,7;https://drive.google.com/uc?id=1IHpitKc5MNW1xt2Vi7cwALe5SFINYh7Q;3;квартира;;;6;7;;нет;;1,6;3,7;;;5,3;1;;;;;;;;;;;;;19;10,6;9,7;;;;;;;;;Бронь;;;10.01.20;5659492;;;2,8;;;;;;;Нет;Нет
ЖК Яркий;2;297;2 Д;;36,5;https://drive.google.com/uc?id=1jnhffvuHR0XPd1twDD5sxE7cdA8oVWW8;2;квартира;;;7;7;;нет;;4;;;;4,9;;;;0,8;;;;;;;;;;17;9,8;;;;;;;;;;Свободно;;;;5659493;;;;;;;;;;Нет;Нет
ЖК Яркий;2;298;1 А;;33,3;https://drive.google.com/uc?id=1o2Fy-rrUepcNpeDpNoN8PbCZ0Jj-PC9l;1;квартира;;;7;7;;нет;;3,5;;;;3,4;1;11;;1,1;;;;;;;;;;11,7;;;;;;;;;;;Свободно;;;;5659494;;;2,6;;;;;;;Да;Нет
ЖК Яркий;2;299;2 В;;35,2;https://drive.google.com/uc?id=1d7D4ycI_AgBwIZmqNLaMMlB8k1yqLM0e;2;квартира;;;7;7;;нет;;4;;;;3,9;1;;;;;;;;;;;;;12,8;11,8;;;;;;;;;;Свободно;;;;5659495;;;2,7;;;;;;;Нет;Нет
ЖК Яркий;2;300;СТ Б;;23,8;https://drive.google.com/uc?id=1Hy1ni0BUje9zAlXFFyjQAXyn2eX4h6V_;0;квартира;;;7;7;;да;;4;;;;3;;;;1,1;;;;;;;;;;15,7;;;;;;;;;;;Не для продажи;;;;5659496;;;;;;;;;;Нет;Нет
ЖК Яркий;2;301;2 Б;;33,4;https://drive.google.com/uc?id=1E50IMB0Vt_irBsmTWBLJQpK1TOpduPC2;2;квартира;;;7;7;;нет;;4,2;;;;3,3;1;;;0,8;;;;;;;;;;13;9,6;;;;;;;;;;Оформление документов;;;14.01.20;5659497;;;2,5;;;;;;;Нет;Нет
ЖК Яркий;2;302;СТ В;;34,8;https://drive.google.com/uc?id=1iZhJ9Y1wQcdwZ38MktJm06jmCTiVnyap;0;квартира;;;7;7;;да;;4,3;;;;3,1;1;;;;;;;;;;;;;25;;;;;;;;;;;Свободно;;;;5659498;;;2,4;;;;;;;Нет;Нет
ЖК Яркий;2;303;3 А;;52,7;https://drive.google.com/uc?id=1IHpitKc5MNW1xt2Vi7cwALe5SFINYh7Q;3;квартира;;;7;7;;нет;;1,6;3,7;;;5,3;1;;;;;;;;;;;;;19;10,6;9,7;;;;;;;;;Свободно;;;;5659499;;;2,8;;;;;;;Нет;Нет
ЖК Яркий;2;304;2 Д;;39,7;https://drive.google.com/uc?id=1009qPrQg5qAP_AAIbvTzGNdc65FB7ImU;2;квартира;;;1;8;;нет;;4,6;;;;4;1;;;;;;;;;;;;;17,9;11,5;;;;;;;;;;Свободно;;;;5659500;;;1,7;;;;;;;Нет;Нет
ЖК Яркий;2;305;СТ Г;;29,8;https://drive.google.com/uc?id=1CrLjGXWCte8ggwAP-wRzHmkWYTet2VWm;0;квартира;;;1;8;;да;;4,7;;;;4,3;;;;;;;;;;;;;;20,8;;;;;;;;;;;Свободно;;;;5659501;;;;;;;;;;Нет;Нет
ЖК Яркий;2;306;2 И;;41,4;https://drive.google.com/uc?id=1rld7TPaBtspXUzQUw7swXa-NkvsfiXyS;2;квартира;;;1;8;;нет;;4,5;;;;5,4;;;;;;;;;;;;;;18,1;13,4;;;;;;;;;;Свободно;;;;5659502;;;;;;;;;;Нет;Нет
ЖК Яркий;2;307;2 Е;;40,9;https://drive.google.com/uc?id=1Iy9ij9fEAex-XlKN7Um6I37W7ZaMDszu;2;квартира;;;1;8;;нет;;4,5;;;;5,3;;;;;;;;;;;;;;16,9;14,2;;;;;;;;;;Свободно;;;;5659503;;;;;;;;;;Нет;Нет
ЖК Яркий;2;308;2 Г;;37,7;https://drive.google.com/uc?id=1IawzAZEdqddJWtjKHqImSjvkQlXS-dr3;2;квартира;;;1;8;;нет;;4,1;;;;4,1;1;;;;;;;;;;;;;15;12,2;;;;;;;;;;Свободно;;;;5659504;;;2,3;;;;;;;Нет;Нет
ЖК Яркий;2;309;2 Б;;36,5;https://drive.google.com/uc?id=160zCbdUu9N4dzN48jIbxJ8r1geJ9Xl3F;2;квартира;;;2;8;;нет;;4;;;;5,4;;;;0,8;;;;;;;;;;14,1;12,2;;;;;;;;;;Свободно;;;;5659505;;;;;;;;;;Нет;Да
ЖК Яркий;2;310;2 А;;36,1;https://drive.google.com/uc?id=1Mypt2yDhjT1Jq30PQU1JuveE-15C0nSz;2;квартира;;;2;8;;нет;;3,6;;;;5,6;;;;1,1;;;;;;;;;;14,4;11,4;;;;;;;;;;Свободно;;;;5659506;;;;;;;;;;Нет;Да
ЖК Яркий;2;311;СТ В;;29,1;https://drive.google.com/uc?id=1illAirccv7Ppr1BMaRgCQO2vlxGEKpGq;0;квартира;;;2;8;;да;;4,1;;;;4,3;;;;;;;;;;;;;;20,7;;;;;;;;;;;Свободно;;;;5659507;;;;;;;;;;Нет;Нет
ЖК Яркий;2;312;СТ А;;25,8;https://drive.google.com/uc?id=1f5FCNODy2wzFL8hpdtBATkJHYgLJWUS8;0;квартира;;;2;8;;да;;4,3;;;;2,3;1;;;1,1;;;;;;;;;;16,7;;;;;;;;;;;Оформление документов;;;10.01.20;5659508;;;1,4;;;;;;;Нет;Нет
ЖК Яркий;2;313;СТ Б;;28,8;https://drive.google.com/uc?id=1qV2-PIh-T5zENOkIjJvvegLYuR3cyHhy;0;квартира;;;2;8;;да;;4,3;;;;3,1;1;;;;;;;;;;;;;19,3;;;;;;;;;;;Свободно;;;;5659509;;;2,1;;;;;;;Нет;Нет
ЖК Яркий;2;314;2 Ж;;41;https://drive.google.com/uc?id=18QWhDdlRBGDRnxAfQiwUfb97mekKDyOW;2;квартира;;;2;8;;нет;;4,3;;;;5;;;;0,8;;;;;;;;;;18,6;12,3;;;;;;;;;;Свободно;;;;5659510;;;;;;;;;;Нет;Нет
ЖК Яркий;2;315;2 В;;37,1;https://drive.google.com/uc?id=1jvWU7ZkFiv5hM5yWJ5YIQ3S44fSm3R49;2;квартира;;;2;8;;нет;;4,1;;;;4,1;1;;;;;;;;;;;;;14,4;12,2;;;;;;;;;;Свободно;;;;5659511;;;2,3;;;;;;;Нет;Нет
ЖК Яркий;2;316;2 Б;;36,5;https://drive.google.com/uc?id=160zCbdUu9N4dzN48jIbxJ8r1geJ9Xl3F;2;квартира;;;3;8;;нет;;4;;;;5,4;;;;0,8;;;;;;;;;;14,1;12,2;;;;;;;;;;Свободно;;;;5659512;;;;;;;;;;Нет;Нет
ЖК Яркий;2;317;2 А;;36,1;https://drive.google.com/uc?id=1Mypt2yDhjT1Jq30PQU1JuveE-15C0nSz;2;квартира;;;3;8;;нет;;3,6;;;;5,6;;;;1,1;;;;;;;;;;14,4;11,4;;;;;;;;;;Свободно;;;;5659513;;;;;;;;;;Нет;Нет
ЖК Яркий;2;318;СТ В;;29,1;https://drive.google.com/uc?id=1illAirccv7Ppr1BMaRgCQO2vlxGEKpGq;0;квартира;;;3;8;;да;;4,1;;;;4,3;;;;;;;;;;;;;;20,7;;;;;;;;;;;Свободно;;;;5659514;;;;;;;;;;Нет;Нет
ЖК Яркий;2;319;СТ А;;25,8;https://drive.google.com/uc?id=1f5FCNODy2wzFL8hpdtBATkJHYgLJWUS8;0;квартира;;;3;8;;да;;4,3;;;;2,3;1;;;1,1;;;;;;;;;;16,7;;;;;;;;;;;Оформление документов;;;06.01.20;5659515;;;1,4;;;;;;;Нет;Нет
ЖК Яркий;2;320;СТ Б;;28,8;https://drive.google.com/uc?id=1qV2-PIh-T5zENOkIjJvvegLYuR3cyHhy;0;квартира;;;3;8;;да;;4,3;;;;3,1;1;;;;;;;;;;;;;19,3;;;;;;;;;;;Свободно;;;;5659516;;;2,1;;;;;;;Нет;Нет
ЖК Яркий;2;321;2 Ж;;41;https://drive.google.com/uc?id=18QWhDdlRBGDRnxAfQiwUfb97mekKDyOW;2;квартира;;;3;8;;нет;;4,3;;;;5;;;;0,8;;;;;;;;;;18,6;12,3;;;;;;;;;;Свободно;;;;5659517;;;;;;;;;;Нет;Нет
ЖК Яркий;2;322;2 В;;37,1;https://drive.google.com/uc?id=1jvWU7ZkFiv5hM5yWJ5YIQ3S44fSm3R49;2;квартира;;;3;8;;нет;;4,1;;;;4,1;1;;;;;;;;;;;;;14,4;12,2;;;;;;;;;;Свободно;;;;5659518;;;2,3;;;;;;;Нет;Нет
ЖК Яркий;2;323;2 Б;;36,5;https://drive.google.com/uc?id=160zCbdUu9N4dzN48jIbxJ8r1geJ9Xl3F;2;квартира;;;4;8;;нет;;4;;;;5,4;;;;0,8;;;;;;;;;;14,1;12,2;;;;;;;;;;Не для продажи;;;;5659519;;;;;;;;;;Нет;Нет
ЖК Яркий;2;324;2 А;;36,1;https://drive.google.com/uc?id=1Mypt2yDhjT1Jq30PQU1JuveE-15C0nSz;2;квартира;;;4;8;;нет;;3,6;;;;5,6;;;;1,1;;;;;;;;;;14,4;11,4;;;;;;;;;;Не для продажи;;;;5659520;;;;;;;;;;Нет;Нет
ЖК Яркий;2;325;СТ В;;29,1;https://drive.google.com/uc?id=1illAirccv7Ppr1BMaRgCQO2vlxGEKpGq;0;квартира;;;4;8;;да;;4,1;;;;4,3;;;;;;;;;;;;;;20,7;;;;;;;;;;;Не для продажи;;;;5659521;;;;;;;;;;Нет;Нет
ЖК Яркий;2;326;СТ А;;25,8;https://drive.google.com/uc?id=1f5FCNODy2wzFL8hpdtBATkJHYgLJWUS8;0;квартира;;;4;8;;да;;4,3;;;;2,3;1;;;1,1;;;;;;;;;;16,7;;;;;;;;;;;Не для продажи;;;;5659522;;;1,4;;;;;;;Нет;Нет
ЖК Яркий;2;327;СТ Б;;28,8;https://drive.google.com/uc?id=1qV2-PIh-T5zENOkIjJvvegLYuR3cyHhy;0;квартира;;;4;8;;да;;4,3;;;;3,1;1;;;;;;;;;;;;;19,3;;;;;;;;;;;Не для продажи;;;;5659523;;;2,1;;;;;;;Нет;Нет
ЖК Яркий;2;328;2 Ж;;41;https://drive.google.com/uc?id=18QWhDdlRBGDRnxAfQiwUfb97mekKDyOW;2;квартира;;;4;8;;нет;;4,3;;;;5;;;;0,8;;;;;;;;;;18,6;12,3;;;;;;;;;;Не для продажи;;;;5659524;;;;;;;;;;Нет;Нет
ЖК Яркий;2;329;2 В;;37,1;https://drive.google.com/uc?id=1jvWU7ZkFiv5hM5yWJ5YIQ3S44fSm3R49;2;квартира;;;4;8;;нет;;4,1;;;;4,1;1;;;;;;;;;;;;;14,4;12,2;;;;;;;;;;Не для продажи;;;;5659525;;;2,3;;;;;;;Нет;Нет
ЖК Яркий;2;330;2 Б;;36,5;https://drive.google.com/uc?id=160zCbdUu9N4dzN48jIbxJ8r1geJ9Xl3F;2;квартира;;;5;8;;нет;;4;;;;5,4;;;;0,8;;;;;;;;;;14,1;12,2;;;;;;;;;;Не для продажи;;;;5659526;;;;;;;;;;Нет;Нет
ЖК Яркий;2;331;2 А;;36,1;https://drive.google.com/uc?id=1Mypt2yDhjT1Jq30PQU1JuveE-15C0nSz;2;квартира;;;5;8;;нет;;3,6;;;;5,6;;;;1,1;;;;;;;;;;14,4;11,4;;;;;;;;;;Не для продажи;;;;5659527;;;;;;;;;;Нет;Нет
ЖК Яркий;2;332;СТ В;;29,1;https://drive.google.com/uc?id=1illAirccv7Ppr1BMaRgCQO2vlxGEKpGq;0;квартира;;;5;8;;да;;4,1;;;;4,3;;;;;;;;;;;;;;20,7;;;;;;;;;;;Не для продажи;;;;5659528;;;;;;;;;;Нет;Нет
ЖК Яркий;2;333;СТ А;;25,8;https://drive.google.com/uc?id=1f5FCNODy2wzFL8hpdtBATkJHYgLJWUS8;0;квартира;;;5;8;;да;;4,3;;;;2,3;1;;;1,1;;;;;;;;;;16,7;;;;;;;;;;;Бронь;;;15.01.20;5659529;;;1,4;;;;;;;Нет;Нет
ЖК Яркий;2;334;СТ Б;;28,8;https://drive.google.com/uc?id=1qV2-PIh-T5zENOkIjJvvegLYuR3cyHhy;0;квартира;;;5;8;;да;;4,3;;;;3,1;1;;;;;;;;;;;;;19,3;;;;;;;;;;;Не для продажи;;;;5659530;;;2,1;;;;;;;Нет;Нет
ЖК Яркий;2;335;2 Ж;;41;https://drive.google.com/uc?id=18QWhDdlRBGDRnxAfQiwUfb97mekKDyOW;2;квартира;;;5;8;;нет;;4,3;;;;5;;;;0,8;;;;;;;;;;18,6;12,3;;;;;;;;;;Не для продажи;;;;5659531;;;;;;;;;;Нет;Нет
ЖК Яркий;2;336;2 В;;37,1;https://drive.google.com/uc?id=1jvWU7ZkFiv5hM5yWJ5YIQ3S44fSm3R49;2;квартира;;;5;8;;нет;;4,1;;;;4,1;1;;;;;;;;;;;;;14,4;12,2;;;;;;;;;;Не для продажи;;;;5659532;;;2,3;;;;;;;Нет;Нет
ЖК Яркий;2;337;2 Б;;36,5;https://drive.google.com/uc?id=160zCbdUu9N4dzN48jIbxJ8r1geJ9Xl3F;2;квартира;;;6;8;;нет;;4;;;;5,4;;;;0,8;;;;;;;;;;14,1;12,2;;;;;;;;;;Свободно;;;;5659533;;;;;;;;;;Нет;Нет
ЖК Яркий;2;338;2 А;;36,1;https://drive.google.com/uc?id=1Mypt2yDhjT1Jq30PQU1JuveE-15C0nSz;2;квартира;;;6;8;;нет;;3,6;;;;5,6;;;;1,1;;;;;;;;;;14,4;11,4;;;;;;;;;;Бронь;;;09.01.20;5659534;;;;;;;;;;Нет;Нет
ЖК Яркий;2;339;СТ В;;29,1;https://drive.google.com/uc?id=1illAirccv7Ppr1BMaRgCQO2vlxGEKpGq;0;квартира;;;6;8;;да;;4,1;;;;4,3;;;;;;;;;;;;;;20,7;;;;;;;;;;;Свободно;;;;5659535;;;;;;;;;;Нет;Нет
ЖК Яркий;2;340;СТ А;;25,8;https://drive.google.com/uc?id=1f5FCNODy2wzFL8hpdtBATkJHYgLJWUS8;0;квартира;;;6;8;;да;;4,3;;;;2,3;1;;;1,1;;;;;;;;;;16,7;;;;;;;;;;;Оформление документов;;;06.01.20;5659536;;;1,4;;;;;;;Нет;Нет
ЖК Яркий;2;341;СТ Б;;28,8;https://drive.google.com/uc?id=1qV2-PIh-T5zENOkIjJvvegLYuR3cyHhy;0;квартира;;;6;8;;да;;4,3;;;;3,1;1;;;;;;;;;;;;;19,3;;;;;;;;;;;Свободно;;;;5659537;;;2,1;;;;;;;Нет;Нет
ЖК Яркий;2;342;2 Ж;;41;https://drive.google.com/uc?id=18QWhDdlRBGDRnxAfQiwUfb97mekKDyOW;2;квартира;;;6;8;;нет;;4,3;;;;5;;;;0,8;;;;;;;;;;18,6;12,3;;;;;;;;;;Свободно;;;;5659538;;;;;;;;;;Нет;Нет
ЖК Яркий;2;343;2 В;;37,1;https://drive.google.com/uc?id=1jvWU7ZkFiv5hM5yWJ5YIQ3S44fSm3R49;2;квартира;;;6;8;;нет;;4,1;;;;4,1;1;;;;;;;;;;;;;14,4;12,2;;;;;;;;;;Свободно;;;;5659539;;;2,3;;;;;;;Нет;Нет
ЖК Яркий;2;344;2 Б;;36,5;https://drive.google.com/uc?id=160zCbdUu9N4dzN48jIbxJ8r1geJ9Xl3F;2;квартира;;;7;8;;нет;;4;;;;5,4;;;;0,8;;;;;;;;;;14,1;12,2;;;;;;;;;;Свободно;;;;5659540;;;;;;;;;;Нет;Нет
ЖК Яркий;2;345;2 А;;36,1;https://drive.google.com/uc?id=1Mypt2yDhjT1Jq30PQU1JuveE-15C0nSz;2;квартира;;;7;8;;нет;;3,6;;;;5,6;;;;1,1;;;;;;;;;;14,4;11,4;;;;;;;;;;Свободно;;;;5659541;;;;;;;;;;Нет;Нет
ЖК Яркий;2;346;СТ В;;29,1;https://drive.google.com/uc?id=1illAirccv7Ppr1BMaRgCQO2vlxGEKpGq;0;квартира;;;7;8;;да;;4,1;;;;4,3;;;;;;;;;;;;;;20,7;;;;;;;;;;;Свободно;;;;5659542;;;;;;;;;;Нет;Нет
ЖК Яркий;2;347;СТ А;;25,8;https://drive.google.com/uc?id=1f5FCNODy2wzFL8hpdtBATkJHYgLJWUS8;0;квартира;;;7;8;;да;;4,3;;;;2,3;1;;;1,1;;;;;;;;;;16,7;;;;;;;;;;;Оформление документов;;;10.01.20;5659543;;;1,4;;;;;;;Нет;Нет
ЖК Яркий;2;348;СТ Б;;28,8;https://drive.google.com/uc?id=1qV2-PIh-T5zENOkIjJvvegLYuR3cyHhy;0;квартира;;;7;8;;да;;4,3;;;;3,1;1;;;;;;;;;;;;;19,3;;;;;;;;;;;Бронь;;;11.01.20;5659544;;;2,1;;;;;;;Нет;Нет
ЖК Яркий;2;349;2 Ж;;41;https://drive.google.com/uc?id=18QWhDdlRBGDRnxAfQiwUfb97mekKDyOW;2;квартира;;;7;8;;нет;;4,3;;;;5;;;;0,8;;;;;;;;;;18,6;12,3;;;;;;;;;;Свободно;;;;5659545;;;;;;;;;;Нет;Нет
ЖК Яркий;2;350;2 В;;37,1;https://drive.google.com/uc?id=1jvWU7ZkFiv5hM5yWJ5YIQ3S44fSm3R49;2;квартира;;;7;8;;нет;;4,1;;;;4,1;1;;;;;;;;;;;;;14,4;12,2;;;;;;;;;;Свободно;;;;5659546;;;2,3;;;;;;;Нет;Нет
ЖК Яркий;2;351;2 Г;;42,5;https://drive.google.com/uc?id=1L_KdOuFE-9qMEaUjDswEGG7GNNOZq6e8;2;квартира;;;1;9;;нет;;4,3;;;;5,6;;;;;;;;;;;;;;18,2;14,4;;;;;;;;;;Не для продажи;;;;5659547;;;;;;;;;;Нет;Нет
ЖК Яркий;2;352;2 В;;36,2;https://drive.google.com/uc?id=1cTq2Pn9_xJpl7Jztqcu6OO17ZCuwORT-;2;квартира;;;1;9;;нет;;4,6;;;;6,6;;;;;;;;;;;;;;16,1;8,9;;;;;;;;;;Не для продажи;;;;5659548;;;;;;;;;;Нет;Нет
ЖК Яркий;2;353;СТ Д;;31,7;https://drive.google.com/uc?id=1N0lDH0fWqfrm6dpBrFHNatMy3mjj8MeQ;0;квартира;;;1;9;;да;;3,9;;;;5;;;;;;;;;;;;;;22,8;;;;;;;;;;;Не для продажи;;;;5659549;;;;;;;;;;Нет;Нет
ЖК Яркий;2;354;2 Ж;;48,6;https://drive.google.com/uc?id=1iuoHRZHtfAfc2MGvBSbabvOcX6xP9ZmQ;2;квартира;;;1;9;;нет;;4,3;;;;7,2;;9,8;;;;;;;;;;;;16,8;10,5;;;;;;;;;;Не для продажи;;;;5659550;;;;;;;;;;Нет;Нет
ЖК Яркий;2;355;СТ Г;;29,3;https://drive.google.com/uc?id=1uPKNK8r9uMshe6AfBeJ8snqUVKRF9VeD;0;квартира;;;1;9;;да;;3,7;;;;4,5;;;;;;;;;;;;;;21,1;;;;;;;;;;;Не для продажи;;;;5659551;;;;;;;;;;Да;Нет
ЖК Яркий;2;356;СТ Ж;;36,7;https://drive.google.com/uc?id=1n4F37zKwwAOPZpxBLQ6kPL09oIPb8c0i;0;квартира;;;1;9;;да;;4,1;;;;6,8;;;;;;;;;;;;;;25,8;;;;;;;;;;;Не для продажи;;;;5659552;;;;;;;;;;Нет;Нет
ЖК Яркий;2;357;2 Б;;34,9;https://drive.google.com/uc?id=1RcRg6DKY50qtcToQaZ_5eC7JuRICOl0V;2;квартира;;;2;9;;нет;;4,1;;;;6;;;;0,8;;;;;;;;;;15;9;;;;;;;;;;Не для продажи;;;;5659553;;;;;;;;;;Нет;Нет
ЖК Яркий;2;358;2 Д;;45,5;https://drive.google.com/uc?id=131RfQIEAbWOzCromKQQuzkUo20fFTIiT;2;квартира;;;2;9;;нет;;4,7;;;;8,9;;;;1,1;;;;;;;;;;16,3;14,5;;;;;;;;;;Не для продажи;;;;5659554;;;;;;;;;;Нет;Нет
ЖК Яркий;2;359;СТ А;;22,1;https://drive.google.com/uc?id=1p6nJh0P8O3V0a-t_QxF3JblIsikKjvMy;0;квартира;;;2;9;;да;;3,1;;;;2,5;;;;;;;;;;;;;;16,5;;;;;;;;;;;Не для продажи;;;;5659555;;;;;;;;;;Нет;Нет
ЖК Яркий;2;360;СТ Е;;32,3;https://drive.google.com/uc?id=1iVq-nrfFy46rBx6wSCXePdEtIs_3R6Fs;0;квартира;;;2;9;;да;;3,9;;;;5;;;;1,1;;;;;;;;;;22,3;;;;;;;;;;;Не для продажи;;;;5659556;;;;;;;;;;Нет;Нет
ЖК Яркий;2;361;2 Е;;48,1;https://drive.google.com/uc?id=1SyM8fvKVmOkmh11-rfHZFNPDeJeexeqN;2;квартира;;;2;9;;нет;;3,8;;;;7,2;;9,8;;;;;;;;;;;;16,8;10,5;;;;;;;;;;Не для продажи;;;;5659557;;;;;;;;;;Нет;Нет
ЖК Яркий;2;362;СТ В;;28,8;https://drive.google.com/uc?id=1RWi3pf00llftC7ghiudnzkBP8MbhAClI;0;квартира;;;2;9;;да;;3,2;;;;4,6;;;;;;;;;;;;;;21;;;;;;;;;;;Не для продажи;;;;5659558;;;;;;;;;;Да;Нет
ЖК Яркий;2;363;СТ Б;;28,8;https://drive.google.com/uc?id=1RlwNdxrTi6bL8i_vbgXWpTu1r6oFGww5;0;квартира;;;2;9;;да;;3,2;;;;4,6;;;;;;;;;;;;;;21;;;;;;;;;;;Не для продажи;;;;5659559;;;;;;;;;;Нет;Нет
ЖК Яркий;2;364;2 И;;49;https://drive.google.com/uc?id=1nhLUErqoPK93ygoscleMVeKBqqbQBIZs;2;квартира;;;2;9;;нет;;3,8;;;;7,2;;9,8;;0,9;;;;;;;;;;16,8;10,5;;;;;;;;;;Не для продажи;;;;5659560;;;;;;;;;;Нет;Нет
ЖК Яркий;2;365;2 А;;33,5;https://drive.google.com/uc?id=16_MWLgMVqmAMJh1uf3BfvmZM-Zn6y3Jh;2;квартира;;;2;9;;нет;;4;;;;3,7;;;;;;;;;;;;;;16,8;9;;;;;;;;;;Не для продажи;;;;5659561;;;;;;;;;;Нет;Нет
ЖК Яркий;2;366;2 Б;;34,9;https://drive.google.com/uc?id=1RcRg6DKY50qtcToQaZ_5eC7JuRICOl0V;2;квартира;;;3;9;;нет;;4,1;;;;6;;;;0,8;;;;;;;;;;15;9;;;;;;;;;;Не для продажи;;;;5659562;;;;;;;;;;Нет;Нет
ЖК Яркий;2;367;2 Д;;45,5;https://drive.google.com/uc?id=131RfQIEAbWOzCromKQQuzkUo20fFTIiT;2;квартира;;;3;9;;нет;;4,7;;;;8,9;;;;1,1;;;;;;;;;;16,3;14,5;;;;;;;;;;Не для продажи;;;;5659563;;;;;;;;;;Нет;Нет
ЖК Яркий;2;368;СТ А;;22,1;https://drive.google.com/uc?id=1p6nJh0P8O3V0a-t_QxF3JblIsikKjvMy;0;квартира;;;3;9;;да;;3,1;;;;2,5;;;;;;;;;;;;;;16,5;;;;;;;;;;;Не для продажи;;;;5659564;;;;;;;;;;Нет;Нет
ЖК Яркий;2;369;СТ Е;;32,3;https://drive.google.com/uc?id=1iVq-nrfFy46rBx6wSCXePdEtIs_3R6Fs;0;квартира;;;3;9;;да;;3,9;;;;5;;;;1,1;;;;;;;;;;22,3;;;;;;;;;;;Не для продажи;;;;5659565;;;;;;;;;;Нет;Нет
ЖК Яркий;2;370;2 Е;;48,1;https://drive.google.com/uc?id=1SyM8fvKVmOkmh11-rfHZFNPDeJeexeqN;2;квартира;;;3;9;;нет;;3,8;;;;7,2;;9,8;;;;;;;;;;;;16,8;10,5;;;;;;;;;;Не для продажи;;;;5659566;;;;;;;;;;Нет;Нет
ЖК Яркий;2;371;СТ В;;28,8;https://drive.google.com/uc?id=1RWi3pf00llftC7ghiudnzkBP8MbhAClI;0;квартира;;;3;9;;да;;3,2;;;;4,6;;;;;;;;;;;;;;21;;;;;;;;;;;Не для продажи;;;;5659567;;;;;;;;;;Нет;Нет
ЖК Яркий;2;372;СТ Б;;28,8;https://drive.google.com/uc?id=1RlwNdxrTi6bL8i_vbgXWpTu1r6oFGww5;0;квартира;;;3;9;;да;;3,2;;;;4,6;;;;;;;;;;;;;;21;;;;;;;;;;;Не для продажи;;;;5659568;;;;;;;;;;Нет;Нет
ЖК Яркий;2;373;2 И;;49;https://drive.google.com/uc?id=1nhLUErqoPK93ygoscleMVeKBqqbQBIZs;2;квартира;;;3;9;;нет;;3,8;;;;7,2;;9,8;;0,9;;;;;;;;;;16,8;10,5;;;;;;;;;;Не для продажи;;;;5659569;;;;;;;;;;Нет;Нет
ЖК Яркий;2;374;2 А;;33,5;https://drive.google.com/uc?id=16_MWLgMVqmAMJh1uf3BfvmZM-Zn6y3Jh;2;квартира;;;3;9;;нет;;4;;;;3,7;;;;;;;;;;;;;;16,8;9;;;;;;;;;;Не для продажи;;;;5659570;;;;;;;;;;Нет;Нет
ЖК Яркий;2;375;2 Б;;34,9;https://drive.google.com/uc?id=1RcRg6DKY50qtcToQaZ_5eC7JuRICOl0V;2;квартира;;;4;9;;нет;;4,1;;;;6;;;;0,8;;;;;;;;;;15;9;;;;;;;;;;Не для продажи;;;;5659571;;;;;;;;;;Нет;Нет
ЖК Яркий;2;376;2 Д;;45,5;https://drive.google.com/uc?id=131RfQIEAbWOzCromKQQuzkUo20fFTIiT;2;квартира;;;4;9;;нет;;4,7;;;;8,9;;;;1,1;;;;;;;;;;16,3;14,5;;;;;;;;;;Не для продажи;;;;5659572;;;;;;;;;;Нет;Нет
ЖК Яркий;2;377;СТ А;;22,1;https://drive.google.com/uc?id=1p6nJh0P8O3V0a-t_QxF3JblIsikKjvMy;0;квартира;;;4;9;;да;;3,1;;;;2,5;;;;;;;;;;;;;;16,5;;;;;;;;;;;Не для продажи;;;;5659573;;;;;;;;;;Нет;Нет
ЖК Яркий;2;378;СТ Е;;32,3;https://drive.google.com/uc?id=1iVq-nrfFy46rBx6wSCXePdEtIs_3R6Fs;0;квартира;;;4;9;;да;;3,9;;;;5;;;;1,1;;;;;;;;;;22,3;;;;;;;;;;;Не для продажи;;;;5659574;;;;;;;;;;Нет;Нет
ЖК Яркий;2;379;2 Е;;48,1;https://drive.google.com/uc?id=1SyM8fvKVmOkmh11-rfHZFNPDeJeexeqN;2;квартира;;;4;9;;нет;;3,8;;;;7,2;;9,8;;;;;;;;;;;;16,8;10,5;;;;;;;;;;Не для продажи;;;;5659575;;;;;;;;;;Нет;Нет
ЖК Яркий;2;380;СТ В;;28,8;https://drive.google.com/uc?id=1RWi3pf00llftC7ghiudnzkBP8MbhAClI;0;квартира;;;4;9;;да;;3,2;;;;4,6;;;;;;;;;;;;;;21;;;;;;;;;;;Не для продажи;;;;5659576;;;;;;;;;;Да;Нет
ЖК Яркий;2;381;СТ Б;;28,8;https://drive.google.com/uc?id=1RlwNdxrTi6bL8i_vbgXWpTu1r6oFGww5;0;квартира;;;4;9;;да;;3,2;;;;4,6;;;;;;;;;;;;;;21;;;;;;;;;;;Не для продажи;;;;5659577;;;;;;;;;;Нет;Нет
ЖК Яркий;2;382;2 И;;49;https://drive.google.com/uc?id=1nhLUErqoPK93ygoscleMVeKBqqbQBIZs;2;квартира;;;4;9;;нет;;3,8;;;;7,2;;9,8;;0,9;;;;;;;;;;16,8;10,5;;;;;;;;;;Не для продажи;;;;5659578;;;;;;;;;;Нет;Нет
ЖК Яркий;2;383;2 А;;33,5;https://drive.google.com/uc?id=16_MWLgMVqmAMJh1uf3BfvmZM-Zn6y3Jh;2;квартира;;;4;9;;нет;;4;;;;3,7;;;;;;;;;;;;;;16,8;9;;;;;;;;;;Не для продажи;;;;5659579;;;;;;;;;;Нет;Нет
ЖК Яркий;2;384;2 Б;;34,9;https://drive.google.com/uc?id=1RcRg6DKY50qtcToQaZ_5eC7JuRICOl0V;2;квартира;;;5;9;;нет;;4,1;;;;6;;;;0,8;;;;;;;;;;15;9;;;;;;;;;;Не для продажи;;;;5659580;;;;;;;;;;Нет;Нет
ЖК Яркий;2;385;2 Д;;45,5;https://drive.google.com/uc?id=131RfQIEAbWOzCromKQQuzkUo20fFTIiT;2;квартира;;;5;9;;нет;;4,7;;;;8,9;;;;1,1;;;;;;;;;;16,3;14,5;;;;;;;;;;Не для продажи;;;;5659581;;;;;;;;;;Нет;Нет
ЖК Яркий;2;386;СТ А;;22,1;https://drive.google.com/uc?id=1p6nJh0P8O3V0a-t_QxF3JblIsikKjvMy;0;квартира;;;5;9;;да;;3,1;;;;2,5;;;;;;;;;;;;;;16,5;;;;;;;;;;;Не для продажи;;;;5659582;;;;;;;;;;Нет;Нет
ЖК Яркий;2;387;СТ Е;;32,3;https://drive.google.com/uc?id=1iVq-nrfFy46rBx6wSCXePdEtIs_3R6Fs;0;квартира;;;5;9;;да;;3,9;;;;5;;;;1,1;;;;;;;;;;22,3;;;;;;;;;;;Не для продажи;;;;5659583;;;;;;;;;;Нет;Нет
ЖК Яркий;2;388;2 Е;;48,1;https://drive.google.com/uc?id=1SyM8fvKVmOkmh11-rfHZFNPDeJeexeqN;2;квартира;;;5;9;;нет;;3,8;;;;7,2;;9,8;;;;;;;;;;;;16,8;10,5;;;;;;;;;;Не для продажи;;;;5659584;;;;;;;;;;Нет;Нет
ЖК Яркий;2;389;СТ В;;28,8;https://drive.google.com/uc?id=1RWi3pf00llftC7ghiudnzkBP8MbhAClI;0;квартира;;;5;9;;да;;3,2;;;;4,6;;;;;;;;;;;;;;21;;;;;;;;;;;Не для продажи;;;;5659585;;;;;;;;;;Да;Нет
ЖК Яркий;2;390;СТ Б;;28,8;https://drive.google.com/uc?id=1RlwNdxrTi6bL8i_vbgXWpTu1r6oFGww5;0;квартира;;;5;9;;да;;3,2;;;;4,6;;;;;;;;;;;;;;21;;;;;;;;;;;Не для продажи;;;;5659586;;;;;;;;;;Нет;Нет
ЖК Яркий;2;391;2 И;;49;https://drive.google.com/uc?id=1nhLUErqoPK93ygoscleMVeKBqqbQBIZs;2;квартира;;;5;9;;нет;;3,8;;;;7,2;;9,8;;0,9;;;;;;;;;;16,8;10,5;;;;;;;;;;Не для продажи;;;;5659587;;;;;;;;;;Нет;Нет
ЖК Яркий;2;392;2 А;;33,5;https://drive.google.com/uc?id=16_MWLgMVqmAMJh1uf3BfvmZM-Zn6y3Jh;2;квартира;;;5;9;;нет;;4;;;;3,7;;;;;;;;;;;;;;16,8;9;;;;;;;;;;Не для продажи;;;;5659588;;;;;;;;;;Нет;Нет
ЖК Яркий;2;393;2 Б;;34,9;https://drive.google.com/uc?id=1RcRg6DKY50qtcToQaZ_5eC7JuRICOl0V;2;квартира;;;6;9;;нет;;4,1;;;;6;;;;0,8;;;;;;;;;;15;9;;;;;;;;;;Не для продажи;;;;5659589;;;;;;;;;;Нет;Нет
ЖК Яркий;2;394;2 Д;;45,5;https://drive.google.com/uc?id=131RfQIEAbWOzCromKQQuzkUo20fFTIiT;2;квартира;;;6;9;;нет;;4,7;;;;8,9;;;;1,1;;;;;;;;;;16,3;14,5;;;;;;;;;;Не для продажи;;;;5659590;;;;;;;;;;Нет;Нет
ЖК Яркий;2;395;СТ А;;22,1;https://drive.google.com/uc?id=1p6nJh0P8O3V0a-t_QxF3JblIsikKjvMy;0;квартира;;;6;9;;да;;3,1;;;;2,5;;;;;;;;;;;;;;16,5;;;;;;;;;;;Не для продажи;;;;5659591;;;;;;;;;;Нет;Нет
ЖК Яркий;2;396;СТ Е;;32,3;https://drive.google.com/uc?id=1iVq-nrfFy46rBx6wSCXePdEtIs_3R6Fs;0;квартира;;;6;9;;да;;3,9;;;;5;;;;1,1;;;;;;;;;;22,3;;;;;;;;;;;Не для продажи;;;;5659592;;;;;;;;;;Нет;Нет
ЖК Яркий;2;397;2 Е;;48,1;https://drive.google.com/uc?id=1SyM8fvKVmOkmh11-rfHZFNPDeJeexeqN;2;квартира;;;6;9;;нет;;3,8;;;;7,2;;9,8;;;;;;;;;;;;16,8;10,5;;;;;;;;;;Не для продажи;;;;5659593;;;;;;;;;;Нет;Нет
ЖК Яркий;2;398;СТ В;;28,8;https://drive.google.com/uc?id=1RWi3pf00llftC7ghiudnzkBP8MbhAClI;0;квартира;;;6;9;;да;;3,2;;;;4,6;;;;;;;;;;;;;;21;;;;;;;;;;;Не для продажи;;;;5659594;;;;;;;;;;Да;Нет
ЖК Яркий;2;399;СТ Б;;28,8;https://drive.google.com/uc?id=1RlwNdxrTi6bL8i_vbgXWpTu1r6oFGww5;0;квартира;;;6;9;;да;;3,2;;;;4,6;;;;;;;;;;;;;;21;;;;;;;;;;;Не для продажи;;;;5659595;;;;;;;;;;Нет;Нет
ЖК Яркий;2;400;2 И;;49;https://drive.google.com/uc?id=1nhLUErqoPK93ygoscleMVeKBqqbQBIZs;2;квартира;;;6;9;;нет;;3,8;;;;7,2;;9,8;;0,9;;;;;;;;;;16,8;10,5;;;;;;;;;;Не для продажи;;;;5659596;;;;;;;;;;Нет;Нет
ЖК Яркий;2;401;2 А;;33,5;https://drive.google.com/uc?id=16_MWLgMVqmAMJh1uf3BfvmZM-Zn6y3Jh;2;квартира;;;6;9;;нет;;4;;;;3,7;;;;;;;;;;;;;;16,8;9;;;;;;;;;;Не для продажи;;;;5659597;;;;;;;;;;Нет;Нет
ЖК Яркий;2;402;2 Б;;34,9;https://drive.google.com/uc?id=1RcRg6DKY50qtcToQaZ_5eC7JuRICOl0V;2;квартира;;;7;9;;нет;;4,1;;;;6;;;;0,8;;;;;;;;;;15;9;;;;;;;;;;Не для продажи;;;;5659598;;;;;;;;;;Нет;Нет
ЖК Яркий;2;403;2 Д;;45,5;https://drive.google.com/uc?id=131RfQIEAbWOzCromKQQuzkUo20fFTIiT;2;квартира;;;7;9;;нет;;4,7;;;;8,9;;;;1,1;;;;;;;;;;16,3;14,5;;;;;;;;;;Не для продажи;;;;5659599;;;;;;;;;;Нет;Нет
ЖК Яркий;2;404;СТ А;;22,1;https://drive.google.com/uc?id=1p6nJh0P8O3V0a-t_QxF3JblIsikKjvMy;0;квартира;;;7;9;;да;;3,1;;;;2,5;;;;;;;;;;;;;;16,5;;;;;;;;;;;Не для продажи;;;;5659600;;;;;;;;;;Нет;Нет
ЖК Яркий;2;405;СТ Е;;32,3;https://drive.google.com/uc?id=1iVq-nrfFy46rBx6wSCXePdEtIs_3R6Fs;0;квартира;;;7;9;;да;;3,9;;;;5;;;;1,1;;;;;;;;;;22,3;;;;;;;;;;;Не для продажи;;;;5659601;;;;;;;;;;Нет;Нет
ЖК Яркий;2;406;2 Е;;48,1;https://drive.google.com/uc?id=1SyM8fvKVmOkmh11-rfHZFNPDeJeexeqN;2;квартира;;;7;9;;нет;;3,8;;;;7,2;;9,8;;;;;;;;;;;;16,8;10,5;;;;;;;;;;Не для продажи;;;;5659602;;;;;;;;;;Нет;Нет
ЖК Яркий;2;407;СТ В;;28,8;https://drive.google.com/uc?id=1RWi3pf00llftC7ghiudnzkBP8MbhAClI;0;квартира;;;7;9;;да;;3,2;;;;4,6;;;;;;;;;;;;;;21;;;;;;;;;;;Не для продажи;;;;5659603;;;;;;;;;;Да;Нет
ЖК Яркий;2;408;СТ Б;;28,8;https://drive.google.com/uc?id=1RlwNdxrTi6bL8i_vbgXWpTu1r6oFGww5;0;квартира;;;7;9;;да;;3,2;;;;4,6;;;;;;;;;;;;;;21;;;;;;;;;;;Не для продажи;;;;5659604;;;;;;;;;;Нет;Нет
ЖК Яркий;2;409;2 И;;49;https://drive.google.com/uc?id=1nhLUErqoPK93ygoscleMVeKBqqbQBIZs;2;квартира;;;7;9;;нет;;3,8;;;;7,2;;9,8;;0,9;;;;;;;;;;16,8;10,5;;;;;;;;;;Не для продажи;;;;5659605;;;;;;;;;;Нет;Нет
ЖК Яркий;2;410;2 А;;33,5;https://drive.google.com/uc?id=16_MWLgMVqmAMJh1uf3BfvmZM-Zn6y3Jh;2;квартира;;;7;9;;нет;;4;;;;3,7;;;;;;;;;;;;;;16,8;9;;;;;;;;;;Не для продажи;;;;5659606;;;;;;;;;;Нет;Нет